DateTime_ET,Open,High,Low,Close,Volume,DateTime_UTC
2025-11-20 19:00:00,6565.75,6568.75,6564.5,6567.0,459,2025-11-21 00:00:00
2025-11-20 19:01:00,6566.75,6569.0,6565.25,6565.5,454,2025-11-21 00:01:00
2025-11-20 19:02:00,6565.5,6566.5,6562.5,6564.25,738,2025-11-21 00:02:00
2025-11-20 19:03:00,6564.5,6565.25,6561.75,6563.0,517,2025-11-21 00:03:00
2025-11-20 19:04:00,6563.25,6565.25,6563.0,6563.25,296,2025-11-21 00:04:00
2025-11-20 19:05:00,6563.5,6567.25,6563.0,6567.25,379,2025-11-21 00:05:00
2025-11-20 19:06:00,6566.75,6569.5,6566.0,6568.5,529,2025-11-21 00:06:00
2025-11-20 19:07:00,6568.5,6570.0,6567.0,6569.5,273,2025-11-21 00:07:00
2025-11-20 19:08:00,6569.5,6572.0,6568.5,6571.5,347,2025-11-21 00:08:00
2025-11-20 19:09:00,6571.5,6574.0,6571.25,6574.0,406,2025-11-21 00:09:00
2025-11-20 19:10:00,6574.0,6574.5,6571.5,6573.0,367,2025-11-21 00:10:00
2025-11-20 19:11:00,6572.75,6574.25,6572.25,6573.5,319,2025-11-21 00:11:00
2025-11-20 19:12:00,6573.25,6574.25,6570.0,6571.75,358,2025-11-21 00:12:00
2025-11-20 19:13:00,6571.5,6573.75,6571.25,6571.5,485,2025-11-21 00:13:00
2025-11-20 19:14:00,6571.25,6573.0,6571.0,6572.5,279,2025-11-21 00:14:00
2025-11-20 19:15:00,6572.5,6573.0,6570.25,6570.5,263,2025-11-21 00:15:00
2025-11-20 19:16:00,6570.75,6571.5,6569.25,6571.0,517,2025-11-21 00:16:00
2025-11-20 19:17:00,6571.25,6577.25,6571.0,6576.75,770,2025-11-21 00:17:00
2025-11-20 19:18:00,6576.5,6577.25,6575.0,6575.5,269,2025-11-21 00:18:00
2025-11-20 19:19:00,6575.5,6576.5,6573.75,6575.0,208,2025-11-21 00:19:00
2025-11-20 19:20:00,6575.0,6576.75,6574.75,6576.25,221,2025-11-21 00:20:00
2025-11-20 19:21:00,6576.5,6577.5,6574.25,6574.75,319,2025-11-21 00:21:00
2025-11-20 19:22:00,6575.0,6575.5,6573.5,6574.5,267,2025-11-21 00:22:00
2025-11-20 19:23:00,6574.5,6575.5,6574.5,6575.5,183,2025-11-21 00:23:00
2025-11-20 19:24:00,6575.5,6577.25,6575.5,6576.75,271,2025-11-21 00:24:00
2025-11-20 19:25:00,6576.75,6577.5,6575.75,6575.75,269,2025-11-21 00:25:00
2025-11-20 19:26:00,6575.75,6576.75,6575.75,6576.75,231,2025-11-21 00:26:00
2025-11-20 19:27:00,6576.5,6577.25,6576.0,6577.0,203,2025-11-21 00:27:00
2025-11-20 19:28:00,6576.75,6578.0,6576.5,6576.5,201,2025-11-21 00:28:00
2025-11-20 19:29:00,6576.5,6576.75,6575.5,6575.5,153,2025-11-21 00:29:00
2025-11-20 19:30:00,6575.75,6576.75,6575.0,6576.5,258,2025-11-21 00:30:00
2025-11-20 19:31:00,6576.5,6577.0,6575.5,6575.5,140,2025-11-21 00:31:00
2025-11-20 19:32:00,6575.5,6576.5,6574.75,6575.5,235,2025-11-21 00:32:00
2025-11-20 19:33:00,6575.5,6576.0,6574.0,6575.75,155,2025-11-21 00:33:00
2025-11-20 19:34:00,6575.5,6576.25,6574.75,6575.75,198,2025-11-21 00:34:00
2025-11-20 19:35:00,6575.5,6578.25,6575.5,6578.0,553,2025-11-21 00:35:00
2025-11-20 19:36:00,6578.0,6578.0,6576.25,6576.75,177,2025-11-21 00:36:00
2025-11-20 19:37:00,6576.75,6577.0,6575.25,6576.0,181,2025-11-21 00:37:00
2025-11-20 19:38:00,6576.0,6577.25,6575.75,6577.25,154,2025-11-21 00:38:00
2025-11-20 19:39:00,6577.0,6577.25,6575.5,6576.25,119,2025-11-21 00:39:00
2025-11-20 19:40:00,6576.0,6577.5,6575.75,6577.0,157,2025-11-21 00:40:00
2025-11-20 19:41:00,6576.75,6577.75,6576.5,6577.25,114,2025-11-21 00:41:00
2025-11-20 19:42:00,6577.25,6578.25,6577.0,6578.0,105,2025-11-21 00:42:00
2025-11-20 19:43:00,6578.0,6580.75,6578.0,6579.0,416,2025-11-21 00:43:00
2025-11-20 19:44:00,6578.75,6578.75,6575.75,6576.25,201,2025-11-21 00:44:00
2025-11-20 19:45:00,6576.25,6576.5,6572.75,6574.0,608,2025-11-21 00:45:00
2025-11-20 19:46:00,6574.0,6574.5,6572.5,6574.0,372,2025-11-21 00:46:00
2025-11-20 19:47:00,6574.0,6576.0,6574.0,6574.5,268,2025-11-21 00:47:00
2025-11-20 19:48:00,6574.25,6575.5,6573.5,6574.25,155,2025-11-21 00:48:00
2025-11-20 19:49:00,6574.0,6574.75,6572.75,6574.0,180,2025-11-21 00:49:00
2025-11-20 19:50:00,6574.0,6576.5,6573.75,6576.25,278,2025-11-21 00:50:00
2025-11-20 19:51:00,6576.0,6577.5,6575.75,6576.75,154,2025-11-21 00:51:00
2025-11-20 19:52:00,6576.5,6579.5,6576.5,6578.75,299,2025-11-21 00:52:00
2025-11-20 19:53:00,6578.5,6579.25,6576.25,6576.5,328,2025-11-21 00:53:00
2025-11-20 19:54:00,6576.5,6578.5,6576.0,6578.25,415,2025-11-21 00:54:00
2025-11-20 19:55:00,6578.25,6581.25,6578.0,6581.25,568,2025-11-21 00:55:00
2025-11-20 19:56:00,6581.0,6581.0,6579.5,6580.5,222,2025-11-21 00:56:00
2025-11-20 19:57:00,6580.25,6580.25,6578.5,6579.0,177,2025-11-21 00:57:00
2025-11-20 19:58:00,6579.25,6579.5,6576.75,6577.75,226,2025-11-21 00:58:00
2025-11-20 19:59:00,6577.5,6579.25,6576.75,6577.5,274,2025-11-21 00:59:00
2025-11-20 20:00:00,6577.5,6580.5,6577.25,6580.25,424,2025-11-21 01:00:00
2025-11-20 20:01:00,6580.5,6582.5,6580.25,6581.5,274,2025-11-21 01:01:00
2025-11-20 20:02:00,6581.0,6582.25,6580.5,6580.5,161,2025-11-21 01:02:00
2025-11-20 20:03:00,6580.75,6581.25,6577.75,6577.75,409,2025-11-21 01:03:00
2025-11-20 20:04:00,6577.75,6577.75,6576.0,6576.5,348,2025-11-21 01:04:00
2025-11-20 20:05:00,6576.75,6580.0,6575.0,6579.25,713,2025-11-21 01:05:00
2025-11-20 20:06:00,6579.5,6580.0,6577.75,6579.75,204,2025-11-21 01:06:00
2025-11-20 20:07:00,6579.5,6580.5,6577.75,6579.25,182,2025-11-21 01:07:00
2025-11-20 20:08:00,6579.25,6580.25,6578.0,6579.0,137,2025-11-21 01:08:00
2025-11-20 20:09:00,6579.0,6580.0,6578.0,6579.0,210,2025-11-21 01:09:00
2025-11-20 20:10:00,6579.25,6581.25,6578.75,6580.25,190,2025-11-21 01:10:00
2025-11-20 20:11:00,6580.25,6583.5,6579.5,6582.25,602,2025-11-21 01:11:00
2025-11-20 20:12:00,6582.0,6582.0,6578.25,6578.75,328,2025-11-21 01:12:00
2025-11-20 20:13:00,6578.75,6579.0,6576.5,6576.75,351,2025-11-21 01:13:00
2025-11-20 20:14:00,6577.0,6579.25,6577.0,6578.5,292,2025-11-21 01:14:00
2025-11-20 20:15:00,6578.25,6582.75,6578.0,6582.5,381,2025-11-21 01:15:00
2025-11-20 20:16:00,6582.5,6583.25,6581.5,6582.5,344,2025-11-21 01:16:00
2025-11-20 20:17:00,6582.75,6583.0,6581.75,6582.75,210,2025-11-21 01:17:00
2025-11-20 20:18:00,6582.75,6584.0,6582.75,6583.25,268,2025-11-21 01:18:00
2025-11-20 20:19:00,6583.25,6583.25,6581.25,6582.75,294,2025-11-21 01:19:00
2025-11-20 20:20:00,6582.75,6582.75,6581.5,6582.0,175,2025-11-21 01:20:00
2025-11-20 20:21:00,6581.75,6581.75,6579.5,6581.0,345,2025-11-21 01:21:00
2025-11-20 20:22:00,6581.0,6584.0,6581.0,6583.25,409,2025-11-21 01:22:00
2025-11-20 20:23:00,6583.25,6583.25,6582.0,6582.75,111,2025-11-21 01:23:00
2025-11-20 20:24:00,6582.25,6583.5,6582.0,6583.0,102,2025-11-21 01:24:00
2025-11-20 20:25:00,6583.0,6583.75,6582.75,6583.75,104,2025-11-21 01:25:00
2025-11-20 20:26:00,6583.75,6586.75,6583.75,6585.75,771,2025-11-21 01:26:00
2025-11-20 20:27:00,6585.5,6585.5,6583.5,6584.25,428,2025-11-21 01:27:00
2025-11-20 20:28:00,6584.25,6584.75,6583.75,6584.0,135,2025-11-21 01:28:00
2025-11-20 20:29:00,6584.0,6586.0,6584.0,6585.5,178,2025-11-21 01:29:00
2025-11-20 20:30:00,6585.75,6586.25,6583.5,6586.0,544,2025-11-21 01:30:00
2025-11-20 20:31:00,6585.75,6585.75,6582.75,6583.5,244,2025-11-21 01:31:00
2025-11-20 20:32:00,6583.5,6583.5,6581.0,6581.25,571,2025-11-21 01:32:00
2025-11-20 20:33:00,6581.5,6583.0,6581.5,6581.75,208,2025-11-21 01:33:00
2025-11-20 20:34:00,6581.75,6582.5,6580.75,6580.75,129,2025-11-21 01:34:00
2025-11-20 20:35:00,6581.0,6581.0,6578.5,6578.75,399,2025-11-21 01:35:00
2025-11-20 20:36:00,6578.75,6579.75,6576.5,6579.25,661,2025-11-21 01:36:00
2025-11-20 20:37:00,6579.25,6581.25,6578.25,6580.0,426,2025-11-21 01:37:00
2025-11-20 20:38:00,6580.0,6584.75,6579.25,6584.0,668,2025-11-21 01:38:00
2025-11-20 20:39:00,6584.0,6584.25,6581.5,6582.5,375,2025-11-21 01:39:00
2025-11-20 20:40:00,6582.75,6583.75,6582.5,6583.25,191,2025-11-21 01:40:00
2025-11-20 20:41:00,6583.0,6585.75,6583.0,6585.75,246,2025-11-21 01:41:00
2025-11-20 20:42:00,6585.75,6587.5,6585.75,6586.5,453,2025-11-21 01:42:00
2025-11-20 20:43:00,6586.75,6587.5,6586.25,6587.0,497,2025-11-21 01:43:00
2025-11-20 20:44:00,6587.0,6587.25,6584.25,6585.0,421,2025-11-21 01:44:00
2025-11-20 20:45:00,6585.0,6589.0,6584.5,6588.25,532,2025-11-21 01:45:00
2025-11-20 20:46:00,6588.0,6588.25,6585.75,6587.5,389,2025-11-21 01:46:00
2025-11-20 20:47:00,6587.5,6587.5,6586.0,6587.0,144,2025-11-21 01:47:00
2025-11-20 20:48:00,6586.75,6587.25,6585.0,6585.75,268,2025-11-21 01:48:00
2025-11-20 20:49:00,6585.75,6587.5,6585.25,6586.25,178,2025-11-21 01:49:00
2025-11-20 20:50:00,6586.5,6589.0,6585.75,6587.25,179,2025-11-21 01:50:00
2025-11-20 20:51:00,6587.5,6587.75,6586.5,6587.25,143,2025-11-21 01:51:00
2025-11-20 20:52:00,6587.25,6587.5,6584.75,6585.5,211,2025-11-21 01:52:00
2025-11-20 20:53:00,6585.75,6586.75,6584.25,6584.5,141,2025-11-21 01:53:00
2025-11-20 20:54:00,6584.75,6585.75,6584.0,6585.5,206,2025-11-21 01:54:00
2025-11-20 20:55:00,6585.75,6586.25,6583.75,6585.0,213,2025-11-21 01:55:00
2025-11-20 20:56:00,6585.25,6587.25,6585.25,6586.0,194,2025-11-21 01:56:00
2025-11-20 20:57:00,6586.25,6588.0,6585.5,6587.5,185,2025-11-21 01:57:00
2025-11-20 20:58:00,6587.5,6587.75,6585.0,6585.5,220,2025-11-21 01:58:00
2025-11-20 20:59:00,6585.75,6585.75,6583.0,6583.25,349,2025-11-21 01:59:00
2025-11-20 21:00:00,6583.5,6585.25,6583.25,6584.5,343,2025-11-21 02:00:00
2025-11-20 21:01:00,6584.5,6584.5,6582.75,6582.75,171,2025-11-21 02:01:00
2025-11-20 21:02:00,6583.25,6584.0,6581.75,6583.0,260,2025-11-21 02:02:00
2025-11-20 21:03:00,6582.75,6584.75,6582.25,6584.25,150,2025-11-21 02:03:00
2025-11-20 21:04:00,6584.25,6584.75,6583.25,6583.25,227,2025-11-21 02:04:00
2025-11-20 21:05:00,6583.25,6584.25,6582.75,6583.75,210,2025-11-21 02:05:00
2025-11-20 21:06:00,6584.0,6584.5,6580.5,6582.75,615,2025-11-21 02:06:00
2025-11-20 21:07:00,6582.75,6584.5,6582.25,6584.0,187,2025-11-21 02:07:00
2025-11-20 21:08:00,6584.25,6584.75,6582.0,6582.0,353,2025-11-21 02:08:00
2025-11-20 21:09:00,6582.25,6583.5,6580.75,6580.75,163,2025-11-21 02:09:00
2025-11-20 21:10:00,6580.5,6581.5,6580.5,6581.0,207,2025-11-21 02:10:00
2025-11-20 21:11:00,6580.75,6580.75,6578.5,6578.75,407,2025-11-21 02:11:00
2025-11-20 21:12:00,6578.75,6579.75,6577.0,6577.5,462,2025-11-21 02:12:00
2025-11-20 21:13:00,6577.75,6579.25,6577.25,6577.75,306,2025-11-21 02:13:00
2025-11-20 21:14:00,6578.0,6578.5,6577.5,6577.75,212,2025-11-21 02:14:00
2025-11-20 21:15:00,6577.75,6582.25,6577.25,6582.25,394,2025-11-21 02:15:00
2025-11-20 21:16:00,6582.25,6583.0,6581.0,6581.5,231,2025-11-21 02:16:00
2025-11-20 21:17:00,6581.5,6582.75,6580.5,6582.25,165,2025-11-21 02:17:00
2025-11-20 21:18:00,6582.25,6583.0,6581.5,6583.0,177,2025-11-21 02:18:00
2025-11-20 21:19:00,6582.5,6583.0,6581.5,6582.0,159,2025-11-21 02:19:00
2025-11-20 21:20:00,6582.0,6583.5,6581.75,6582.75,173,2025-11-21 02:20:00
2025-11-20 21:21:00,6583.0,6583.5,6582.0,6583.0,137,2025-11-21 02:21:00
2025-11-20 21:22:00,6582.75,6583.0,6579.25,6579.5,252,2025-11-21 02:22:00
2025-11-20 21:23:00,6579.75,6583.25,6579.25,6583.0,343,2025-11-21 02:23:00
2025-11-20 21:24:00,6583.25,6584.75,6583.0,6583.25,300,2025-11-21 02:24:00
2025-11-20 21:25:00,6583.25,6584.5,6582.0,6583.25,444,2025-11-21 02:25:00
2025-11-20 21:26:00,6583.0,6583.75,6581.5,6582.0,179,2025-11-21 02:26:00
2025-11-20 21:27:00,6582.25,6583.0,6582.0,6582.0,129,2025-11-21 02:27:00
2025-11-20 21:28:00,6581.75,6581.75,6580.5,6581.5,159,2025-11-21 02:28:00
2025-11-20 21:29:00,6581.5,6583.0,6581.25,6581.25,152,2025-11-21 02:29:00
2025-11-20 21:30:00,6581.25,6582.5,6580.0,6582.0,246,2025-11-21 02:30:00
2025-11-20 21:31:00,6582.5,6583.75,6582.25,6583.0,183,2025-11-21 02:31:00
2025-11-20 21:32:00,6583.0,6583.75,6581.75,6582.0,252,2025-11-21 02:32:00
2025-11-20 21:33:00,6581.75,6582.5,6580.5,6582.25,101,2025-11-21 02:33:00
2025-11-20 21:34:00,6581.75,6583.75,6581.25,6583.0,148,2025-11-21 02:34:00
2025-11-20 21:35:00,6583.25,6586.5,6583.25,6586.5,503,2025-11-21 02:35:00
2025-11-20 21:36:00,6586.25,6588.0,6586.25,6586.25,429,2025-11-21 02:36:00
2025-11-20 21:37:00,6586.5,6587.0,6583.5,6585.0,305,2025-11-21 02:37:00
2025-11-20 21:38:00,6585.0,6586.0,6583.5,6584.0,250,2025-11-21 02:38:00
2025-11-20 21:39:00,6583.75,6583.75,6581.25,6582.0,180,2025-11-21 02:39:00
2025-11-20 21:40:00,6582.0,6587.5,6582.0,6586.5,374,2025-11-21 02:40:00
2025-11-20 21:41:00,6586.75,6587.0,6585.75,6586.5,129,2025-11-21 02:41:00
2025-11-20 21:42:00,6586.5,6587.25,6585.25,6586.75,126,2025-11-21 02:42:00
2025-11-20 21:43:00,6586.5,6587.5,6586.25,6586.75,147,2025-11-21 02:43:00
2025-11-20 21:44:00,6586.75,6587.25,6585.0,6585.25,147,2025-11-21 02:44:00
2025-11-20 21:45:00,6585.5,6586.25,6584.75,6585.25,352,2025-11-21 02:45:00
2025-11-20 21:46:00,6585.5,6585.5,6584.75,6584.75,205,2025-11-21 02:46:00
2025-11-20 21:47:00,6585.0,6585.0,6584.25,6584.75,123,2025-11-21 02:47:00
2025-11-20 21:48:00,6584.75,6586.0,6584.5,6585.75,210,2025-11-21 02:48:00
2025-11-20 21:49:00,6585.75,6586.75,6585.5,6586.5,167,2025-11-21 02:49:00
2025-11-20 21:50:00,6586.25,6587.25,6584.75,6587.0,245,2025-11-21 02:50:00
2025-11-20 21:51:00,6586.75,6587.0,6585.0,6585.5,244,2025-11-21 02:51:00
2025-11-20 21:52:00,6585.5,6585.5,6582.75,6583.25,208,2025-11-21 02:52:00
2025-11-20 21:53:00,6583.75,6583.75,6582.5,6582.75,118,2025-11-21 02:53:00
2025-11-20 21:54:00,6582.75,6585.0,6582.75,6584.25,162,2025-11-21 02:54:00
2025-11-20 21:55:00,6584.0,6584.0,6582.75,6583.5,114,2025-11-21 02:55:00
2025-11-20 21:56:00,6583.25,6584.75,6583.0,6583.0,157,2025-11-21 02:56:00
2025-11-20 21:57:00,6583.0,6583.25,6581.25,6581.75,164,2025-11-21 02:57:00
2025-11-20 21:58:00,6581.75,6582.25,6580.75,6581.0,250,2025-11-21 02:58:00
2025-11-20 21:59:00,6580.75,6580.75,6579.5,6580.5,271,2025-11-21 02:59:00
2025-11-20 22:00:00,6580.5,6582.75,6579.5,6582.25,316,2025-11-21 03:00:00
2025-11-20 22:01:00,6582.0,6582.5,6580.25,6581.25,438,2025-11-21 03:01:00
2025-11-20 22:02:00,6581.25,6581.5,6579.5,6579.75,139,2025-11-21 03:02:00
2025-11-20 22:03:00,6579.5,6581.25,6579.0,6580.25,213,2025-11-21 03:03:00
2025-11-20 22:04:00,6580.25,6580.25,6578.75,6579.5,180,2025-11-21 03:04:00
2025-11-20 22:05:00,6579.5,6580.25,6578.5,6579.75,200,2025-11-21 03:05:00
2025-11-20 22:06:00,6580.0,6583.0,6579.75,6582.5,401,2025-11-21 03:06:00
2025-11-20 22:07:00,6583.0,6583.5,6582.5,6583.0,126,2025-11-21 03:07:00
2025-11-20 22:08:00,6582.75,6583.0,6582.0,6582.5,94,2025-11-21 03:08:00
2025-11-20 22:09:00,6582.5,6582.75,6581.5,6582.0,172,2025-11-21 03:09:00
2025-11-20 22:10:00,6582.0,6584.25,6582.0,6584.0,153,2025-11-21 03:10:00
2025-11-20 22:11:00,6584.0,6585.25,6583.25,6583.5,379,2025-11-21 03:11:00
2025-11-20 22:12:00,6583.75,6583.75,6581.75,6583.25,161,2025-11-21 03:12:00
2025-11-20 22:13:00,6583.25,6584.0,6582.5,6583.75,99,2025-11-21 03:13:00
2025-11-20 22:14:00,6583.75,6583.75,6582.5,6583.0,81,2025-11-21 03:14:00
2025-11-20 22:15:00,6583.0,6583.0,6582.25,6583.0,138,2025-11-21 03:15:00
2025-11-20 22:16:00,6582.75,6583.25,6581.75,6582.25,195,2025-11-21 03:16:00
2025-11-20 22:17:00,6582.25,6582.75,6580.25,6581.5,307,2025-11-21 03:17:00
2025-11-20 22:18:00,6581.5,6582.5,6581.25,6581.5,148,2025-11-21 03:18:00
2025-11-20 22:19:00,6581.0,6582.0,6580.75,6581.25,120,2025-11-21 03:19:00
2025-11-20 22:20:00,6581.25,6582.5,6581.0,6581.75,131,2025-11-21 03:20:00
2025-11-20 22:21:00,6581.5,6583.5,6581.5,6582.5,183,2025-11-21 03:21:00
2025-11-20 22:22:00,6582.5,6585.0,6582.5,6584.75,145,2025-11-21 03:22:00
2025-11-20 22:23:00,6585.0,6585.25,6583.75,6584.25,304,2025-11-21 03:23:00
2025-11-20 22:24:00,6584.25,6584.25,6581.75,6581.75,231,2025-11-21 03:24:00
2025-11-20 22:25:00,6582.0,6583.25,6581.5,6583.25,184,2025-11-21 03:25:00
2025-11-20 22:26:00,6583.0,6584.5,6582.75,6584.0,158,2025-11-21 03:26:00
2025-11-20 22:27:00,6584.25,6584.75,6583.5,6584.25,117,2025-11-21 03:27:00
2025-11-20 22:28:00,6584.0,6584.5,6583.75,6583.75,85,2025-11-21 03:28:00
2025-11-20 22:29:00,6583.75,6584.5,6583.25,6584.25,152,2025-11-21 03:29:00
2025-11-20 22:30:00,6584.5,6584.75,6583.5,6584.0,105,2025-11-21 03:30:00
2025-11-20 22:31:00,6584.0,6584.75,6584.0,6584.5,86,2025-11-21 03:31:00
2025-11-20 22:32:00,6584.5,6584.5,6582.75,6584.0,140,2025-11-21 03:32:00
2025-11-20 22:33:00,6584.0,6584.75,6584.0,6584.5,78,2025-11-21 03:33:00
2025-11-20 22:34:00,6584.25,6584.75,6584.0,6584.5,122,2025-11-21 03:34:00
2025-11-20 22:35:00,6584.25,6585.5,6584.25,6585.5,113,2025-11-21 03:35:00
2025-11-20 22:36:00,6585.25,6594.0,6585.25,6592.75,1064,2025-11-21 03:36:00
2025-11-20 22:37:00,6592.5,6593.0,6588.0,6589.25,977,2025-11-21 03:37:00
2025-11-20 22:38:00,6589.0,6589.25,6585.5,6585.5,400,2025-11-21 03:38:00
2025-11-20 22:39:00,6585.25,6586.75,6583.25,6586.25,433,2025-11-21 03:39:00
2025-11-20 22:40:00,6586.25,6587.75,6585.5,6586.0,273,2025-11-21 03:40:00
2025-11-20 22:41:00,6586.0,6587.5,6585.25,6586.5,298,2025-11-21 03:41:00
2025-11-20 22:42:00,6586.25,6588.75,6586.0,6588.5,246,2025-11-21 03:42:00
2025-11-20 22:43:00,6588.5,6591.25,6588.5,6590.5,469,2025-11-21 03:43:00
2025-11-20 22:44:00,6590.5,6590.5,6588.25,6589.25,255,2025-11-21 03:44:00
2025-11-20 22:45:00,6589.5,6590.25,6587.5,6587.5,130,2025-11-21 03:45:00
2025-11-20 22:46:00,6587.5,6588.75,6586.5,6588.0,144,2025-11-21 03:46:00
2025-11-20 22:47:00,6588.0,6590.5,6588.0,6590.0,224,2025-11-21 03:47:00
2025-11-20 22:48:00,6589.75,6589.75,6588.5,6589.0,144,2025-11-21 03:48:00
2025-11-20 22:49:00,6588.75,6589.0,6587.5,6587.5,77,2025-11-21 03:49:00
2025-11-20 22:50:00,6587.5,6588.5,6586.0,6588.5,144,2025-11-21 03:50:00
2025-11-20 22:51:00,6588.5,6588.5,6586.75,6587.0,188,2025-11-21 03:51:00
2025-11-20 22:52:00,6587.25,6588.5,6586.5,6587.75,101,2025-11-21 03:52:00
2025-11-20 22:53:00,6587.75,6587.75,6585.75,6585.75,165,2025-11-21 03:53:00
2025-11-20 22:54:00,6586.0,6586.75,6584.75,6586.75,204,2025-11-21 03:54:00
2025-11-20 22:55:00,6586.75,6587.0,6585.75,6586.0,172,2025-11-21 03:55:00
2025-11-20 22:56:00,6585.75,6585.75,6585.0,6585.5,118,2025-11-21 03:56:00
2025-11-20 22:57:00,6585.75,6586.75,6585.75,6586.25,141,2025-11-21 03:57:00
2025-11-20 22:58:00,6585.75,6587.0,6585.75,6586.25,118,2025-11-21 03:58:00
2025-11-20 22:59:00,6586.5,6586.5,6584.25,6584.5,126,2025-11-21 03:59:00
2025-11-20 23:00:00,6584.5,6586.0,6584.25,6585.75,216,2025-11-21 04:00:00
2025-11-20 23:01:00,6585.5,6585.5,6582.5,6583.0,272,2025-11-21 04:01:00
2025-11-20 23:02:00,6583.0,6583.5,6581.0,6582.5,425,2025-11-21 04:02:00
2025-11-20 23:03:00,6582.75,6583.25,6582.0,6582.5,73,2025-11-21 04:03:00
2025-11-20 23:04:00,6582.5,6583.0,6581.75,6582.25,143,2025-11-21 04:04:00
2025-11-20 23:05:00,6582.5,6584.25,6581.5,6581.75,190,2025-11-21 04:05:00
2025-11-20 23:06:00,6581.5,6581.75,6579.5,6580.0,375,2025-11-21 04:06:00
2025-11-20 23:07:00,6580.25,6582.25,6580.25,6581.75,174,2025-11-21 04:07:00
2025-11-20 23:08:00,6581.75,6583.75,6581.75,6582.75,275,2025-11-21 04:08:00
2025-11-20 23:09:00,6583.0,6583.75,6583.0,6583.0,150,2025-11-21 04:09:00
2025-11-20 23:10:00,6583.25,6584.75,6582.75,6582.75,151,2025-11-21 04:10:00
2025-11-20 23:11:00,6583.0,6584.25,6582.5,6583.75,143,2025-11-21 04:11:00
2025-11-20 23:12:00,6583.75,6584.25,6582.0,6582.25,146,2025-11-21 04:12:00
2025-11-20 23:13:00,6582.5,6583.0,6581.75,6582.75,60,2025-11-21 04:13:00
2025-11-20 23:14:00,6582.75,6583.75,6582.25,6582.5,92,2025-11-21 04:14:00
2025-11-20 23:15:00,6582.5,6582.5,6579.5,6580.5,231,2025-11-21 04:15:00
2025-11-20 23:16:00,6580.5,6582.25,6580.25,6581.25,159,2025-11-21 04:16:00
2025-11-20 23:17:00,6581.5,6582.0,6580.5,6580.5,93,2025-11-21 04:17:00
2025-11-20 23:18:00,6580.75,6581.0,6577.75,6579.25,284,2025-11-21 04:18:00
2025-11-20 23:19:00,6579.5,6581.75,6579.0,6581.0,216,2025-11-21 04:19:00
2025-11-20 23:20:00,6581.25,6581.75,6579.5,6580.75,93,2025-11-21 04:20:00
2025-11-20 23:21:00,6581.0,6581.5,6578.25,6578.5,183,2025-11-21 04:21:00
2025-11-20 23:22:00,6578.75,6579.0,6574.25,6576.5,850,2025-11-21 04:22:00
2025-11-20 23:23:00,6576.25,6577.25,6573.75,6574.0,654,2025-11-21 04:23:00
2025-11-20 23:24:00,6574.0,6575.25,6571.0,6573.5,635,2025-11-21 04:24:00
2025-11-20 23:25:00,6573.75,6575.0,6571.75,6574.25,584,2025-11-21 04:25:00
2025-11-20 23:26:00,6574.5,6578.0,6573.75,6577.75,278,2025-11-21 04:26:00
2025-11-20 23:27:00,6577.75,6579.25,6576.75,6577.25,188,2025-11-21 04:27:00
2025-11-20 23:28:00,6577.5,6579.75,6577.5,6579.0,198,2025-11-21 04:28:00
2025-11-20 23:29:00,6579.25,6579.5,6578.0,6578.25,67,2025-11-21 04:29:00
2025-11-20 23:30:00,6578.5,6579.0,6577.75,6578.75,148,2025-11-21 04:30:00
2025-11-20 23:31:00,6579.0,6579.25,6574.75,6575.5,267,2025-11-21 04:31:00
2025-11-20 23:32:00,6575.5,6575.75,6573.5,6575.0,229,2025-11-21 04:32:00
2025-11-20 23:33:00,6574.75,6575.0,6573.75,6574.25,163,2025-11-21 04:33:00
2025-11-20 23:34:00,6574.5,6576.0,6574.0,6575.75,96,2025-11-21 04:34:00
2025-11-20 23:35:00,6575.5,6575.5,6573.0,6573.5,190,2025-11-21 04:35:00
2025-11-20 23:36:00,6573.5,6576.5,6573.0,6575.0,180,2025-11-21 04:36:00
2025-11-20 23:37:00,6574.5,6574.75,6573.5,6574.0,110,2025-11-21 04:37:00
2025-11-20 23:38:00,6574.0,6574.5,6572.0,6573.0,169,2025-11-21 04:38:00
2025-11-20 23:39:00,6572.75,6573.0,6569.25,6570.75,452,2025-11-21 04:39:00
2025-11-20 23:40:00,6571.0,6571.5,6569.75,6570.0,232,2025-11-21 04:40:00
2025-11-20 23:41:00,6570.0,6571.0,6566.25,6570.25,756,2025-11-21 04:41:00
2025-11-20 23:42:00,6570.25,6573.0,6570.25,6572.5,251,2025-11-21 04:42:00
2025-11-20 23:43:00,6572.5,6573.0,6571.25,6572.5,191,2025-11-21 04:43:00
2025-11-20 23:44:00,6572.5,6572.5,6570.25,6570.75,153,2025-11-21 04:44:00
2025-11-20 23:45:00,6570.75,6574.25,6570.5,6574.0,372,2025-11-21 04:45:00
2025-11-20 23:46:00,6574.25,6574.75,6572.75,6573.25,115,2025-11-21 04:46:00
2025-11-20 23:47:00,6573.0,6573.0,6569.25,6570.5,225,2025-11-21 04:47:00
2025-11-20 23:48:00,6570.25,6572.25,6570.25,6570.5,178,2025-11-21 04:48:00
2025-11-20 23:49:00,6570.75,6571.5,6569.5,6570.75,193,2025-11-21 04:49:00
2025-11-20 23:50:00,6570.75,6571.25,6569.0,6569.25,233,2025-11-21 04:50:00
2025-11-20 23:51:00,6569.25,6569.75,6568.25,6569.0,157,2025-11-21 04:51:00
2025-11-20 23:52:00,6569.0,6571.0,6568.5,6570.75,187,2025-11-21 04:52:00
2025-11-20 23:53:00,6570.75,6572.75,6570.75,6572.5,247,2025-11-21 04:53:00
2025-11-20 23:54:00,6572.5,6574.25,6572.5,6573.25,286,2025-11-21 04:54:00
2025-11-20 23:55:00,6573.25,6573.5,6572.5,6573.25,127,2025-11-21 04:55:00
2025-11-20 23:56:00,6573.0,6574.75,6573.0,6574.75,123,2025-11-21 04:56:00
2025-11-20 23:57:00,6575.0,6577.25,6575.0,6576.75,287,2025-11-21 04:57:00
2025-11-20 23:58:00,6576.5,6577.5,6576.0,6577.0,95,2025-11-21 04:58:00
2025-11-20 23:59:00,6577.0,6580.25,6577.0,6579.5,317,2025-11-21 04:59:00
2025-11-21 00:00:00,6579.5,6582.25,6579.0,6581.25,288,2025-11-21 05:00:00
2025-11-21 00:01:00,6581.5,6585.0,6581.5,6584.25,588,2025-11-21 05:01:00
2025-11-21 00:02:00,6584.0,6584.75,6580.75,6582.25,270,2025-11-21 05:02:00
2025-11-21 00:03:00,6582.25,6582.75,6580.5,6580.75,207,2025-11-21 05:03:00
2025-11-21 00:04:00,6580.75,6582.0,6578.5,6578.75,312,2025-11-21 05:04:00
2025-11-21 00:05:00,6578.5,6579.5,6576.0,6576.5,369,2025-11-21 05:05:00
2025-11-21 00:06:00,6576.0,6579.5,6575.75,6579.0,258,2025-11-21 05:06:00
2025-11-21 00:07:00,6578.75,6582.0,6578.75,6579.75,348,2025-11-21 05:07:00
2025-11-21 00:08:00,6579.75,6580.25,6579.0,6579.25,147,2025-11-21 05:08:00
2025-11-21 00:09:00,6579.5,6582.0,6579.5,6580.75,188,2025-11-21 05:09:00
2025-11-21 00:10:00,6580.5,6580.75,6578.75,6580.25,139,2025-11-21 05:10:00
2025-11-21 00:11:00,6580.5,6581.0,6579.75,6579.75,93,2025-11-21 05:11:00
2025-11-21 00:12:00,6580.0,6581.0,6580.0,6580.5,54,2025-11-21 05:12:00
2025-11-21 00:13:00,6580.5,6582.25,6580.5,6582.0,178,2025-11-21 05:13:00
2025-11-21 00:14:00,6582.25,6584.5,6582.25,6582.5,418,2025-11-21 05:14:00
2025-11-21 00:15:00,6582.25,6584.0,6582.25,6583.5,152,2025-11-21 05:15:00
2025-11-21 00:16:00,6583.25,6583.25,6582.5,6582.75,52,2025-11-21 05:16:00
2025-11-21 00:17:00,6583.0,6585.5,6583.0,6585.25,296,2025-11-21 05:17:00
2025-11-21 00:18:00,6585.0,6585.0,6584.0,6584.25,107,2025-11-21 05:18:00
2025-11-21 00:19:00,6584.25,6584.75,6581.5,6582.0,202,2025-11-21 05:19:00
2025-11-21 00:20:00,6582.25,6583.5,6581.75,6582.25,117,2025-11-21 05:20:00
2025-11-21 00:21:00,6582.5,6584.25,6582.25,6584.0,92,2025-11-21 05:21:00
2025-11-21 00:22:00,6583.75,6583.75,6581.75,6582.0,145,2025-11-21 05:22:00
2025-11-21 00:23:00,6582.25,6582.75,6581.25,6582.5,119,2025-11-21 05:23:00
2025-11-21 00:24:00,6582.5,6582.75,6581.75,6582.25,82,2025-11-21 05:24:00
2025-11-21 00:25:00,6582.75,6583.0,6581.5,6581.75,76,2025-11-21 05:25:00
2025-11-21 00:26:00,6581.5,6583.25,6581.5,6583.25,114,2025-11-21 05:26:00
2025-11-21 00:27:00,6583.25,6583.5,6582.25,6582.25,66,2025-11-21 05:27:00
2025-11-21 00:28:00,6582.5,6582.75,6580.25,6581.0,154,2025-11-21 05:28:00
2025-11-21 00:29:00,6581.25,6581.25,6578.5,6578.75,403,2025-11-21 05:29:00
2025-11-21 00:30:00,6579.0,6580.75,6579.0,6579.5,183,2025-11-21 05:30:00
2025-11-21 00:31:00,6579.75,6579.75,6576.75,6578.25,202,2025-11-21 05:31:00
2025-11-21 00:32:00,6578.5,6579.5,6577.5,6578.0,171,2025-11-21 05:32:00
2025-11-21 00:33:00,6578.0,6578.5,6576.75,6577.5,153,2025-11-21 05:33:00
2025-11-21 00:34:00,6577.5,6577.75,6575.5,6575.75,133,2025-11-21 05:34:00
2025-11-21 00:35:00,6575.75,6575.75,6573.75,6573.75,363,2025-11-21 05:35:00
2025-11-21 00:36:00,6573.75,6573.75,6570.75,6572.25,241,2025-11-21 05:36:00
2025-11-21 00:37:00,6572.25,6572.5,6571.0,6571.5,103,2025-11-21 05:37:00
2025-11-21 00:38:00,6571.5,6573.75,6571.5,6572.25,171,2025-11-21 05:38:00
2025-11-21 00:39:00,6572.5,6572.75,6571.5,6572.75,86,2025-11-21 05:39:00
2025-11-21 00:40:00,6572.75,6573.0,6571.5,6571.5,127,2025-11-21 05:40:00
2025-11-21 00:41:00,6572.0,6573.25,6571.75,6572.75,78,2025-11-21 05:41:00
2025-11-21 00:42:00,6573.0,6573.0,6571.5,6572.75,86,2025-11-21 05:42:00
2025-11-21 00:43:00,6573.0,6574.0,6572.5,6573.75,92,2025-11-21 05:43:00
2025-11-21 00:44:00,6574.0,6575.25,6573.5,6574.25,187,2025-11-21 05:44:00
2025-11-21 00:45:00,6574.25,6574.5,6573.0,6574.5,49,2025-11-21 05:45:00
2025-11-21 00:46:00,6574.5,6575.0,6573.5,6573.75,80,2025-11-21 05:46:00
2025-11-21 00:47:00,6573.75,6574.75,6571.5,6573.5,295,2025-11-21 05:47:00
2025-11-21 00:48:00,6573.5,6573.5,6571.5,6573.0,121,2025-11-21 05:48:00
2025-11-21 00:49:00,6573.25,6573.25,6570.5,6572.0,232,2025-11-21 05:49:00
2025-11-21 00:50:00,6572.0,6573.25,6571.5,6571.5,499,2025-11-21 05:50:00
2025-11-21 00:51:00,6571.75,6573.0,6571.0,6571.75,155,2025-11-21 05:51:00
2025-11-21 00:52:00,6571.5,6572.25,6570.75,6571.5,95,2025-11-21 05:52:00
2025-11-21 00:53:00,6571.75,6572.0,6569.5,6570.75,181,2025-11-21 05:53:00
2025-11-21 00:54:00,6570.5,6570.5,6569.25,6570.0,114,2025-11-21 05:54:00
2025-11-21 00:55:00,6570.25,6571.75,6570.0,6571.75,125,2025-11-21 05:55:00
2025-11-21 00:56:00,6572.0,6573.0,6571.75,6572.5,102,2025-11-21 05:56:00
2025-11-21 00:57:00,6572.75,6574.5,6571.75,6574.0,148,2025-11-21 05:57:00
2025-11-21 00:58:00,6573.75,6573.75,6571.25,6572.25,101,2025-11-21 05:58:00
2025-11-21 00:59:00,6572.25,6573.5,6572.25,6572.25,124,2025-11-21 05:59:00
2025-11-21 01:00:00,6572.25,6573.75,6571.25,6572.75,188,2025-11-21 06:00:00
2025-11-21 01:01:00,6572.75,6573.5,6572.25,6573.25,106,2025-11-21 06:01:00
2025-11-21 01:02:00,6573.0,6573.0,6571.75,6571.75,172,2025-11-21 06:02:00
2025-11-21 01:03:00,6571.75,6572.75,6571.0,6571.75,130,2025-11-21 06:03:00
2025-11-21 01:04:00,6572.0,6575.75,6572.0,6574.75,591,2025-11-21 06:04:00
2025-11-21 01:05:00,6574.75,6575.25,6573.75,6574.25,143,2025-11-21 06:05:00
2025-11-21 01:06:00,6574.0,6577.0,6574.0,6574.25,300,2025-11-21 06:06:00
2025-11-21 01:07:00,6574.25,6574.75,6573.75,6574.5,161,2025-11-21 06:07:00
2025-11-21 01:08:00,6574.0,6574.5,6572.25,6573.25,197,2025-11-21 06:08:00
2025-11-21 01:09:00,6573.25,6574.5,6572.5,6574.0,109,2025-11-21 06:09:00
2025-11-21 01:10:00,6573.75,6575.5,6572.75,6575.25,251,2025-11-21 06:10:00
2025-11-21 01:11:00,6575.25,6575.75,6574.0,6575.5,92,2025-11-21 06:11:00
2025-11-21 01:12:00,6575.75,6578.5,6574.25,6574.75,503,2025-11-21 06:12:00
2025-11-21 01:13:00,6575.0,6575.5,6574.0,6574.0,161,2025-11-21 06:13:00
2025-11-21 01:14:00,6574.25,6576.5,6574.25,6575.5,91,2025-11-21 06:14:00
2025-11-21 01:15:00,6575.5,6578.0,6575.5,6577.5,74,2025-11-21 06:15:00
2025-11-21 01:16:00,6577.25,6579.5,6577.25,6578.75,171,2025-11-21 06:16:00
2025-11-21 01:17:00,6578.75,6578.75,6576.0,6577.25,153,2025-11-21 06:17:00
2025-11-21 01:18:00,6577.25,6577.5,6576.5,6576.5,61,2025-11-21 06:18:00
2025-11-21 01:19:00,6576.25,6576.5,6575.5,6576.0,61,2025-11-21 06:19:00
2025-11-21 01:20:00,6576.0,6576.0,6574.0,6576.0,115,2025-11-21 06:20:00
2025-11-21 01:21:00,6576.5,6577.25,6576.25,6576.75,142,2025-11-21 06:21:00
2025-11-21 01:22:00,6577.0,6578.75,6576.75,6577.0,163,2025-11-21 06:22:00
2025-11-21 01:23:00,6577.0,6577.75,6576.75,6577.0,144,2025-11-21 06:23:00
2025-11-21 01:24:00,6577.0,6577.75,6576.0,6577.5,138,2025-11-21 06:24:00
2025-11-21 01:25:00,6577.75,6578.5,6577.0,6577.25,110,2025-11-21 06:25:00
2025-11-21 01:26:00,6577.25,6577.25,6575.5,6575.75,116,2025-11-21 06:26:00
2025-11-21 01:27:00,6575.5,6576.5,6574.0,6574.0,181,2025-11-21 06:27:00
2025-11-21 01:28:00,6574.0,6574.0,6571.5,6572.25,228,2025-11-21 06:28:00
2025-11-21 01:29:00,6572.25,6573.0,6570.5,6570.5,215,2025-11-21 06:29:00
2025-11-21 01:30:00,6570.25,6572.0,6568.75,6570.0,400,2025-11-21 06:30:00
2025-11-21 01:31:00,6570.25,6573.25,6570.25,6572.0,201,2025-11-21 06:31:00
2025-11-21 01:32:00,6571.75,6571.75,6570.75,6571.5,122,2025-11-21 06:32:00
2025-11-21 01:33:00,6571.75,6572.75,6571.5,6571.75,228,2025-11-21 06:33:00
2025-11-21 01:34:00,6571.75,6575.5,6571.75,6575.5,271,2025-11-21 06:34:00
2025-11-21 01:35:00,6575.5,6576.5,6575.0,6575.75,214,2025-11-21 06:35:00
2025-11-21 01:36:00,6576.0,6576.0,6574.75,6575.0,118,2025-11-21 06:36:00
2025-11-21 01:37:00,6575.0,6575.0,6573.0,6573.25,123,2025-11-21 06:37:00
2025-11-21 01:38:00,6573.0,6573.25,6571.75,6573.25,59,2025-11-21 06:38:00
2025-11-21 01:39:00,6573.25,6574.5,6571.75,6574.25,92,2025-11-21 06:39:00
2025-11-21 01:40:00,6574.0,6575.5,6573.75,6574.25,127,2025-11-21 06:40:00
2025-11-21 01:41:00,6574.25,6576.25,6574.25,6576.25,106,2025-11-21 06:41:00
2025-11-21 01:42:00,6576.0,6577.25,6575.75,6577.0,251,2025-11-21 06:42:00
2025-11-21 01:43:00,6577.25,6578.0,6576.75,6577.5,119,2025-11-21 06:43:00
2025-11-21 01:44:00,6577.25,6577.75,6576.75,6576.75,51,2025-11-21 06:44:00
2025-11-21 01:45:00,6576.5,6577.0,6575.5,6576.0,96,2025-11-21 06:45:00
2025-11-21 01:46:00,6576.0,6577.0,6575.75,6576.75,87,2025-11-21 06:46:00
2025-11-21 01:47:00,6576.75,6577.75,6576.5,6576.75,77,2025-11-21 06:47:00
2025-11-21 01:48:00,6577.0,6577.5,6576.75,6577.5,71,2025-11-21 06:48:00
2025-11-21 01:49:00,6577.5,6578.25,6577.0,6577.5,48,2025-11-21 06:49:00
2025-11-21 01:50:00,6577.5,6578.75,6577.25,6577.75,139,2025-11-21 06:50:00
2025-11-21 01:51:00,6578.0,6581.25,6578.0,6580.75,256,2025-11-21 06:51:00
2025-11-21 01:52:00,6580.75,6582.25,6580.0,6580.25,460,2025-11-21 06:52:00
2025-11-21 01:53:00,6580.0,6580.5,6577.0,6577.25,163,2025-11-21 06:53:00
2025-11-21 01:54:00,6577.0,6578.25,6576.75,6578.0,68,2025-11-21 06:54:00
2025-11-21 01:55:00,6577.75,6578.25,6577.25,6578.0,70,2025-11-21 06:55:00
2025-11-21 01:56:00,6577.75,6577.75,6576.0,6577.5,121,2025-11-21 06:56:00
2025-11-21 01:57:00,6577.5,6578.75,6577.25,6578.5,111,2025-11-21 06:57:00
2025-11-21 01:58:00,6578.5,6578.5,6577.25,6577.25,40,2025-11-21 06:58:00
2025-11-21 01:59:00,6577.0,6577.5,6576.25,6577.0,97,2025-11-21 06:59:00
2025-11-21 02:00:00,6576.75,6577.25,6574.5,6576.75,256,2025-11-21 07:00:00
2025-11-21 02:01:00,6576.75,6576.75,6574.75,6575.25,118,2025-11-21 07:01:00
2025-11-21 02:02:00,6575.25,6575.75,6573.0,6573.25,147,2025-11-21 07:02:00
2025-11-21 02:03:00,6573.5,6574.5,6572.5,6574.25,117,2025-11-21 07:03:00
2025-11-21 02:04:00,6574.0,6575.5,6573.25,6575.5,131,2025-11-21 07:04:00
2025-11-21 02:05:00,6575.5,6578.25,6575.0,6578.25,153,2025-11-21 07:05:00
2025-11-21 02:06:00,6578.0,6579.0,6577.0,6578.5,177,2025-11-21 07:06:00
2025-11-21 02:07:00,6578.25,6578.75,6577.0,6577.75,225,2025-11-21 07:07:00
2025-11-21 02:08:00,6577.5,6577.5,6575.5,6576.25,207,2025-11-21 07:08:00
2025-11-21 02:09:00,6575.75,6577.0,6575.75,6576.5,113,2025-11-21 07:09:00
2025-11-21 02:10:00,6576.5,6577.25,6575.0,6575.75,85,2025-11-21 07:10:00
2025-11-21 02:11:00,6575.75,6575.75,6574.25,6574.5,122,2025-11-21 07:11:00
2025-11-21 02:12:00,6574.25,6575.25,6574.0,6575.25,71,2025-11-21 07:12:00
2025-11-21 02:13:00,6575.25,6575.25,6574.0,6574.0,111,2025-11-21 07:13:00
2025-11-21 02:14:00,6574.0,6575.0,6573.5,6574.75,85,2025-11-21 07:14:00
2025-11-21 02:15:00,6574.75,6574.75,6573.25,6573.5,90,2025-11-21 07:15:00
2025-11-21 02:16:00,6573.75,6576.5,6573.25,6576.0,287,2025-11-21 07:16:00
2025-11-21 02:17:00,6576.25,6578.0,6575.75,6577.0,124,2025-11-21 07:17:00
2025-11-21 02:18:00,6576.75,6579.75,6576.75,6579.25,386,2025-11-21 07:18:00
2025-11-21 02:19:00,6579.0,6579.25,6576.25,6576.25,185,2025-11-21 07:19:00
2025-11-21 02:20:00,6576.25,6577.0,6575.75,6576.75,88,2025-11-21 07:20:00
2025-11-21 02:21:00,6576.75,6577.75,6576.5,6576.75,70,2025-11-21 07:21:00
2025-11-21 02:22:00,6577.25,6578.0,6576.25,6577.0,100,2025-11-21 07:22:00
2025-11-21 02:23:00,6576.75,6578.0,6576.75,6577.75,153,2025-11-21 07:23:00
2025-11-21 02:24:00,6578.0,6579.5,6578.0,6578.75,183,2025-11-21 07:24:00
2025-11-21 02:25:00,6578.75,6579.0,6576.25,6577.5,138,2025-11-21 07:25:00
2025-11-21 02:26:00,6577.5,6578.0,6577.0,6577.25,102,2025-11-21 07:26:00
2025-11-21 02:27:00,6577.5,6577.75,6577.0,6577.75,78,2025-11-21 07:27:00
2025-11-21 02:28:00,6578.0,6578.0,6576.25,6577.0,97,2025-11-21 07:28:00
2025-11-21 02:29:00,6577.25,6579.5,6576.25,6579.25,373,2025-11-21 07:29:00
2025-11-21 02:30:00,6579.0,6580.0,6577.5,6577.5,279,2025-11-21 07:30:00
2025-11-21 02:31:00,6577.25,6578.0,6576.25,6577.0,144,2025-11-21 07:31:00
2025-11-21 02:32:00,6577.0,6578.25,6576.5,6577.0,319,2025-11-21 07:32:00
2025-11-21 02:33:00,6577.25,6577.25,6572.0,6572.25,463,2025-11-21 07:33:00
2025-11-21 02:34:00,6572.25,6572.25,6569.25,6569.5,619,2025-11-21 07:34:00
2025-11-21 02:35:00,6569.25,6570.75,6568.5,6570.5,378,2025-11-21 07:35:00
2025-11-21 02:36:00,6570.25,6571.0,6567.25,6569.75,419,2025-11-21 07:36:00
2025-11-21 02:37:00,6570.25,6570.75,6568.5,6570.0,243,2025-11-21 07:37:00
2025-11-21 02:38:00,6570.25,6571.0,6569.0,6570.25,272,2025-11-21 07:38:00
2025-11-21 02:39:00,6570.75,6571.5,6567.0,6569.25,523,2025-11-21 07:39:00
2025-11-21 02:40:00,6569.0,6572.0,6568.75,6571.0,381,2025-11-21 07:40:00
2025-11-21 02:41:00,6570.75,6571.75,6570.25,6571.5,131,2025-11-21 07:41:00
2025-11-21 02:42:00,6571.5,6572.75,6569.0,6569.5,282,2025-11-21 07:42:00
2025-11-21 02:43:00,6569.25,6569.75,6568.25,6569.0,227,2025-11-21 07:43:00
2025-11-21 02:44:00,6569.25,6569.5,6568.25,6568.75,181,2025-11-21 07:44:00
2025-11-21 02:45:00,6568.75,6568.75,6565.0,6565.5,646,2025-11-21 07:45:00
2025-11-21 02:46:00,6565.75,6566.0,6562.0,6562.25,958,2025-11-21 07:46:00
2025-11-21 02:47:00,6562.25,6563.0,6559.0,6560.0,792,2025-11-21 07:47:00
2025-11-21 02:48:00,6560.0,6561.25,6556.75,6558.25,602,2025-11-21 07:48:00
2025-11-21 02:49:00,6558.25,6558.5,6556.0,6557.75,595,2025-11-21 07:49:00
2025-11-21 02:50:00,6558.0,6564.75,6557.75,6563.75,815,2025-11-21 07:50:00
2025-11-21 02:51:00,6563.75,6564.0,6559.5,6559.75,412,2025-11-21 07:51:00
2025-11-21 02:52:00,6560.0,6561.25,6559.25,6560.0,340,2025-11-21 07:52:00
2025-11-21 02:53:00,6560.0,6560.0,6555.5,6555.5,540,2025-11-21 07:53:00
2025-11-21 02:54:00,6555.75,6555.75,6552.75,6554.0,827,2025-11-21 07:54:00
2025-11-21 02:55:00,6554.0,6554.5,6551.75,6553.0,590,2025-11-21 07:55:00
2025-11-21 02:56:00,6553.0,6554.25,6551.5,6553.5,490,2025-11-21 07:56:00
2025-11-21 02:57:00,6553.25,6556.5,6553.25,6554.0,561,2025-11-21 07:57:00
2025-11-21 02:58:00,6554.25,6556.0,6552.75,6554.25,604,2025-11-21 07:58:00
2025-11-21 02:59:00,6554.5,6555.75,6553.25,6554.5,632,2025-11-21 07:59:00
2025-11-21 03:00:00,6554.25,6557.5,6554.0,6556.0,1216,2025-11-21 08:00:00
2025-11-21 03:01:00,6555.75,6560.0,6554.25,6558.5,789,2025-11-21 08:01:00
2025-11-21 03:02:00,6558.75,6559.75,6556.0,6558.0,563,2025-11-21 08:02:00
2025-11-21 03:03:00,6558.25,6559.75,6557.25,6559.75,733,2025-11-21 08:03:00
2025-11-21 03:04:00,6559.75,6563.5,6558.25,6562.0,558,2025-11-21 08:04:00
2025-11-21 03:05:00,6562.0,6566.75,6562.0,6566.75,688,2025-11-21 08:05:00
2025-11-21 03:06:00,6566.75,6569.75,6565.25,6569.5,849,2025-11-21 08:06:00
2025-11-21 03:07:00,6569.75,6576.25,6569.0,6574.75,1073,2025-11-21 08:07:00
2025-11-21 03:08:00,6574.75,6577.0,6574.0,6575.75,756,2025-11-21 08:08:00
2025-11-21 03:09:00,6576.0,6576.0,6572.5,6575.0,595,2025-11-21 08:09:00
2025-11-21 03:10:00,6575.0,6575.0,6571.75,6572.75,452,2025-11-21 08:10:00
2025-11-21 03:11:00,6573.0,6573.5,6570.25,6572.75,582,2025-11-21 08:11:00
2025-11-21 03:12:00,6572.25,6573.25,6571.25,6572.5,378,2025-11-21 08:12:00
2025-11-21 03:13:00,6572.75,6573.75,6571.75,6573.5,385,2025-11-21 08:13:00
2025-11-21 03:14:00,6573.5,6576.0,6573.5,6574.0,380,2025-11-21 08:14:00
2025-11-21 03:15:00,6574.0,6575.5,6572.5,6572.75,397,2025-11-21 08:15:00
2025-11-21 03:16:00,6572.75,6575.0,6571.75,6574.0,344,2025-11-21 08:16:00
2025-11-21 03:17:00,6574.0,6574.0,6571.75,6572.0,265,2025-11-21 08:17:00
2025-11-21 03:18:00,6571.5,6573.25,6570.5,6572.25,403,2025-11-21 08:18:00
2025-11-21 03:19:00,6572.25,6573.0,6567.0,6567.5,438,2025-11-21 08:19:00
2025-11-21 03:20:00,6567.25,6571.5,6567.25,6569.25,440,2025-11-21 08:20:00
2025-11-21 03:21:00,6569.25,6569.25,6561.75,6563.75,1122,2025-11-21 08:21:00
2025-11-21 03:22:00,6563.75,6566.75,6563.5,6565.75,465,2025-11-21 08:22:00
2025-11-21 03:23:00,6565.5,6570.75,6564.5,6569.75,530,2025-11-21 08:23:00
2025-11-21 03:24:00,6570.0,6573.25,6570.0,6571.5,570,2025-11-21 08:24:00
2025-11-21 03:25:00,6571.5,6571.5,6566.75,6567.0,479,2025-11-21 08:25:00
2025-11-21 03:26:00,6567.0,6569.0,6566.25,6566.5,722,2025-11-21 08:26:00
2025-11-21 03:27:00,6567.0,6572.75,6566.75,6571.25,669,2025-11-21 08:27:00
2025-11-21 03:28:00,6571.0,6571.0,6568.25,6569.0,273,2025-11-21 08:28:00
2025-11-21 03:29:00,6569.0,6571.75,6568.25,6571.0,417,2025-11-21 08:29:00
2025-11-21 03:30:00,6571.0,6573.25,6568.25,6572.5,585,2025-11-21 08:30:00
2025-11-21 03:31:00,6572.75,6574.25,6571.75,6574.0,607,2025-11-21 08:31:00
2025-11-21 03:32:00,6574.0,6574.0,6571.25,6572.0,437,2025-11-21 08:32:00
2025-11-21 03:33:00,6571.75,6573.25,6568.0,6569.25,321,2025-11-21 08:33:00
2025-11-21 03:34:00,6569.5,6570.5,6568.0,6569.5,390,2025-11-21 08:34:00
2025-11-21 03:35:00,6569.5,6570.0,6566.75,6567.5,455,2025-11-21 08:35:00
2025-11-21 03:36:00,6567.25,6569.25,6566.25,6566.5,390,2025-11-21 08:36:00
2025-11-21 03:37:00,6566.0,6570.0,6563.75,6569.75,1226,2025-11-21 08:37:00
2025-11-21 03:38:00,6569.5,6572.25,6569.0,6571.25,445,2025-11-21 08:38:00
2025-11-21 03:39:00,6571.0,6572.5,6570.5,6571.75,258,2025-11-21 08:39:00
2025-11-21 03:40:00,6571.25,6572.25,6568.25,6568.75,348,2025-11-21 08:40:00
2025-11-21 03:41:00,6568.5,6572.0,6568.5,6571.5,244,2025-11-21 08:41:00
2025-11-21 03:42:00,6571.5,6572.75,6570.0,6570.75,272,2025-11-21 08:42:00
2025-11-21 03:43:00,6571.0,6573.75,6571.0,6573.75,347,2025-11-21 08:43:00
2025-11-21 03:44:00,6573.75,6574.75,6573.0,6574.0,335,2025-11-21 08:44:00
2025-11-21 03:45:00,6573.75,6576.75,6573.25,6576.5,705,2025-11-21 08:45:00
2025-11-21 03:46:00,6576.25,6578.5,6575.75,6578.0,785,2025-11-21 08:46:00
2025-11-21 03:47:00,6578.0,6582.5,6577.75,6581.75,802,2025-11-21 08:47:00
2025-11-21 03:48:00,6581.75,6582.0,6577.5,6577.5,466,2025-11-21 08:48:00
2025-11-21 03:49:00,6577.5,6579.5,6575.5,6575.5,343,2025-11-21 08:49:00
2025-11-21 03:50:00,6575.75,6576.25,6573.25,6576.0,405,2025-11-21 08:50:00
2025-11-21 03:51:00,6576.0,6579.25,6575.5,6579.25,376,2025-11-21 08:51:00
2025-11-21 03:52:00,6579.25,6582.5,6579.0,6582.5,1062,2025-11-21 08:52:00
2025-11-21 03:53:00,6582.25,6584.0,6581.75,6583.5,550,2025-11-21 08:53:00
2025-11-21 03:54:00,6583.5,6584.25,6582.0,6582.75,382,2025-11-21 08:54:00
2025-11-21 03:55:00,6583.0,6584.5,6582.75,6583.25,362,2025-11-21 08:55:00
2025-11-21 03:56:00,6583.25,6584.5,6582.5,6583.75,284,2025-11-21 08:56:00
2025-11-21 03:57:00,6584.0,6585.0,6582.75,6583.5,513,2025-11-21 08:57:00
2025-11-21 03:58:00,6583.25,6583.75,6582.25,6583.75,422,2025-11-21 08:58:00
2025-11-21 03:59:00,6583.75,6584.25,6582.5,6582.75,278,2025-11-21 08:59:00
2025-11-21 04:00:00,6582.75,6584.25,6580.75,6581.0,488,2025-11-21 09:00:00
2025-11-21 04:01:00,6581.0,6581.25,6578.5,6579.5,450,2025-11-21 09:01:00
2025-11-21 04:02:00,6579.75,6580.25,6578.5,6579.0,250,2025-11-21 09:02:00
2025-11-21 04:03:00,6579.0,6580.5,6577.5,6580.5,330,2025-11-21 09:03:00
2025-11-21 04:04:00,6580.5,6581.75,6578.25,6578.5,292,2025-11-21 09:04:00
2025-11-21 04:05:00,6578.75,6580.25,6577.75,6578.25,293,2025-11-21 09:05:00
2025-11-21 04:06:00,6578.75,6580.75,6578.5,6580.75,211,2025-11-21 09:06:00
2025-11-21 04:07:00,6581.0,6581.25,6579.75,6580.5,211,2025-11-21 09:07:00
2025-11-21 04:08:00,6580.75,6582.5,6579.75,6581.0,381,2025-11-21 09:08:00
2025-11-21 04:09:00,6580.75,6581.0,6577.5,6577.75,302,2025-11-21 09:09:00
2025-11-21 04:10:00,6577.75,6578.75,6576.0,6576.5,405,2025-11-21 09:10:00
2025-11-21 04:11:00,6576.5,6579.75,6576.5,6578.0,370,2025-11-21 09:11:00
2025-11-21 04:12:00,6578.25,6580.0,6578.0,6578.75,244,2025-11-21 09:12:00
2025-11-21 04:13:00,6578.75,6578.75,6576.5,6577.75,234,2025-11-21 09:13:00
2025-11-21 04:14:00,6577.5,6578.0,6575.75,6576.0,294,2025-11-21 09:14:00
2025-11-21 04:15:00,6576.25,6576.5,6573.75,6575.5,497,2025-11-21 09:15:00
2025-11-21 04:16:00,6575.5,6576.5,6570.25,6570.25,475,2025-11-21 09:16:00
2025-11-21 04:17:00,6570.75,6573.75,6570.5,6573.75,398,2025-11-21 09:17:00
2025-11-21 04:18:00,6573.0,6573.25,6571.0,6572.0,206,2025-11-21 09:18:00
2025-11-21 04:19:00,6571.5,6573.0,6570.25,6572.75,441,2025-11-21 09:19:00
2025-11-21 04:20:00,6572.75,6574.0,6568.75,6569.0,409,2025-11-21 09:20:00
2025-11-21 04:21:00,6569.5,6572.0,6565.5,6565.5,628,2025-11-21 09:21:00
2025-11-21 04:22:00,6565.5,6568.75,6565.5,6566.75,414,2025-11-21 09:22:00
2025-11-21 04:23:00,6566.5,6568.75,6565.0,6567.75,334,2025-11-21 09:23:00
2025-11-21 04:24:00,6567.5,6569.75,6567.25,6567.5,240,2025-11-21 09:24:00
2025-11-21 04:25:00,6567.5,6567.5,6564.0,6564.25,477,2025-11-21 09:25:00
2025-11-21 04:26:00,6564.25,6566.5,6563.25,6565.5,386,2025-11-21 09:26:00
2025-11-21 04:27:00,6565.0,6568.25,6564.5,6566.5,330,2025-11-21 09:27:00
2025-11-21 04:28:00,6566.0,6566.75,6565.0,6565.25,288,2025-11-21 09:28:00
2025-11-21 04:29:00,6565.25,6568.75,6565.25,6568.25,277,2025-11-21 09:29:00
2025-11-21 04:30:00,6568.0,6570.5,6566.0,6567.25,518,2025-11-21 09:30:00
2025-11-21 04:31:00,6566.75,6568.75,6566.0,6566.25,320,2025-11-21 09:31:00
2025-11-21 04:32:00,6566.0,6567.5,6565.5,6565.5,276,2025-11-21 09:32:00
2025-11-21 04:33:00,6565.5,6567.25,6565.5,6566.75,253,2025-11-21 09:33:00
2025-11-21 04:34:00,6566.5,6568.0,6565.75,6566.0,269,2025-11-21 09:34:00
2025-11-21 04:35:00,6565.75,6565.75,6563.25,6564.0,305,2025-11-21 09:35:00
2025-11-21 04:36:00,6563.75,6564.5,6561.75,6562.75,462,2025-11-21 09:36:00
2025-11-21 04:37:00,6562.5,6564.25,6561.75,6564.25,365,2025-11-21 09:37:00
2025-11-21 04:38:00,6564.0,6565.75,6562.5,6563.25,386,2025-11-21 09:38:00
2025-11-21 04:39:00,6562.75,6564.0,6560.5,6561.5,557,2025-11-21 09:39:00
2025-11-21 04:40:00,6561.5,6562.25,6560.5,6560.5,447,2025-11-21 09:40:00
2025-11-21 04:41:00,6560.5,6561.25,6558.25,6558.5,579,2025-11-21 09:41:00
2025-11-21 04:42:00,6558.5,6560.0,6558.0,6558.75,492,2025-11-21 09:42:00
2025-11-21 04:43:00,6558.75,6559.25,6557.5,6558.25,768,2025-11-21 09:43:00
2025-11-21 04:44:00,6558.25,6559.25,6555.5,6555.75,804,2025-11-21 09:44:00
2025-11-21 04:45:00,6555.5,6555.75,6552.25,6554.75,1564,2025-11-21 09:45:00
2025-11-21 04:46:00,6554.75,6558.75,6554.0,6558.5,637,2025-11-21 09:46:00
2025-11-21 04:47:00,6558.5,6559.25,6556.25,6559.0,374,2025-11-21 09:47:00
2025-11-21 04:48:00,6558.75,6560.5,6557.75,6560.0,388,2025-11-21 09:48:00
2025-11-21 04:49:00,6560.0,6560.75,6558.25,6560.25,343,2025-11-21 09:49:00
2025-11-21 04:50:00,6560.25,6560.75,6558.5,6559.5,468,2025-11-21 09:50:00
2025-11-21 04:51:00,6559.5,6560.0,6558.25,6558.5,377,2025-11-21 09:51:00
2025-11-21 04:52:00,6558.5,6559.25,6556.5,6556.5,484,2025-11-21 09:52:00
2025-11-21 04:53:00,6556.75,6557.0,6555.0,6556.25,702,2025-11-21 09:53:00
2025-11-21 04:54:00,6556.5,6559.5,6556.25,6558.5,360,2025-11-21 09:54:00
2025-11-21 04:55:00,6558.5,6559.25,6555.5,6556.0,279,2025-11-21 09:55:00
2025-11-21 04:56:00,6556.25,6558.5,6554.5,6558.25,600,2025-11-21 09:56:00
2025-11-21 04:57:00,6558.0,6558.5,6556.5,6556.5,293,2025-11-21 09:57:00
2025-11-21 04:58:00,6556.5,6556.75,6554.5,6555.25,260,2025-11-21 09:58:00
2025-11-21 04:59:00,6555.0,6555.0,6552.0,6552.5,903,2025-11-21 09:59:00
2025-11-21 05:00:00,6552.5,6553.25,6546.75,6547.25,1639,2025-11-21 10:00:00
2025-11-21 05:01:00,6547.5,6549.25,6546.25,6547.0,1067,2025-11-21 10:01:00
2025-11-21 05:02:00,6547.0,6548.5,6541.0,6541.25,1690,2025-11-21 10:02:00
2025-11-21 05:03:00,6541.25,6542.0,6536.25,6538.25,1814,2025-11-21 10:03:00
2025-11-21 05:04:00,6538.25,6539.75,6534.25,6535.0,1863,2025-11-21 10:04:00
2025-11-21 05:05:00,6535.0,6540.25,6532.5,6533.0,2005,2025-11-21 10:05:00
2025-11-21 05:06:00,6532.75,6534.5,6531.75,6534.25,1378,2025-11-21 10:06:00
2025-11-21 05:07:00,6534.25,6535.75,6531.5,6534.25,1059,2025-11-21 10:07:00
2025-11-21 05:08:00,6534.5,6538.0,6531.25,6531.25,1056,2025-11-21 10:08:00
2025-11-21 05:09:00,6531.5,6535.25,6530.25,6530.5,1144,2025-11-21 10:09:00
2025-11-21 05:10:00,6530.75,6537.75,6530.75,6537.75,1056,2025-11-21 10:10:00
2025-11-21 05:11:00,6537.5,6540.0,6533.25,6538.5,1023,2025-11-21 10:11:00
2025-11-21 05:12:00,6538.25,6541.0,6537.25,6537.75,764,2025-11-21 10:12:00
2025-11-21 05:13:00,6538.0,6538.75,6534.0,6536.5,475,2025-11-21 10:13:00
2025-11-21 05:14:00,6536.75,6538.25,6534.75,6535.25,528,2025-11-21 10:14:00
2025-11-21 05:15:00,6535.5,6536.25,6533.0,6533.25,452,2025-11-21 10:15:00
2025-11-21 05:16:00,6533.0,6534.0,6530.25,6530.5,686,2025-11-21 10:16:00
2025-11-21 05:17:00,6530.75,6533.75,6530.0,6530.5,735,2025-11-21 10:17:00
2025-11-21 05:18:00,6530.75,6531.75,6528.0,6530.5,1232,2025-11-21 10:18:00
2025-11-21 05:19:00,6530.5,6534.75,6530.5,6532.25,631,2025-11-21 10:19:00
2025-11-21 05:20:00,6532.25,6532.75,6529.0,6529.0,627,2025-11-21 10:20:00
2025-11-21 05:21:00,6529.0,6530.5,6528.0,6529.25,718,2025-11-21 10:21:00
2025-11-21 05:22:00,6529.5,6531.0,6528.25,6529.25,799,2025-11-21 10:22:00
2025-11-21 05:23:00,6529.25,6531.0,6526.75,6530.0,789,2025-11-21 10:23:00
2025-11-21 05:24:00,6530.0,6532.0,6528.25,6532.0,577,2025-11-21 10:24:00
2025-11-21 05:25:00,6532.0,6533.75,6529.75,6532.25,655,2025-11-21 10:25:00
2025-11-21 05:26:00,6532.75,6533.25,6527.75,6528.75,465,2025-11-21 10:26:00
2025-11-21 05:27:00,6528.5,6529.0,6526.0,6528.25,735,2025-11-21 10:27:00
2025-11-21 05:28:00,6528.25,6528.25,6525.25,6526.25,479,2025-11-21 10:28:00
2025-11-21 05:29:00,6526.25,6526.75,6525.0,6526.75,693,2025-11-21 10:29:00
2025-11-21 05:30:00,6526.75,6533.25,6526.5,6532.75,886,2025-11-21 10:30:00
2025-11-21 05:31:00,6533.0,6538.25,6532.25,6536.75,1051,2025-11-21 10:31:00
2025-11-21 05:32:00,6536.75,6539.75,6535.0,6539.75,742,2025-11-21 10:32:00
2025-11-21 05:33:00,6539.5,6545.75,6539.0,6545.5,848,2025-11-21 10:33:00
2025-11-21 05:34:00,6545.5,6546.25,6542.25,6542.75,842,2025-11-21 10:34:00
2025-11-21 05:35:00,6542.75,6550.0,6542.25,6549.5,809,2025-11-21 10:35:00
2025-11-21 05:36:00,6549.25,6549.25,6546.25,6547.25,648,2025-11-21 10:36:00
2025-11-21 05:37:00,6547.0,6549.25,6547.0,6548.0,409,2025-11-21 10:37:00
2025-11-21 05:38:00,6548.0,6552.75,6547.5,6551.25,680,2025-11-21 10:38:00
2025-11-21 05:39:00,6551.25,6551.25,6549.0,6551.0,421,2025-11-21 10:39:00
2025-11-21 05:40:00,6551.0,6554.5,6550.75,6554.25,652,2025-11-21 10:40:00
2025-11-21 05:41:00,6554.25,6556.5,6552.0,6554.0,673,2025-11-21 10:41:00
2025-11-21 05:42:00,6553.75,6554.0,6551.5,6552.0,368,2025-11-21 10:42:00
2025-11-21 05:43:00,6552.25,6553.25,6551.25,6552.0,462,2025-11-21 10:43:00
2025-11-21 05:44:00,6552.0,6552.0,6549.25,6549.5,437,2025-11-21 10:44:00
2025-11-21 05:45:00,6549.75,6552.25,6549.75,6551.25,353,2025-11-21 10:45:00
2025-11-21 05:46:00,6551.5,6553.0,6550.75,6552.0,362,2025-11-21 10:46:00
2025-11-21 05:47:00,6551.5,6551.5,6548.75,6550.75,309,2025-11-21 10:47:00
2025-11-21 05:48:00,6550.75,6552.0,6548.25,6551.75,560,2025-11-21 10:48:00
2025-11-21 05:49:00,6552.0,6554.5,6549.5,6553.0,640,2025-11-21 10:49:00
2025-11-21 05:50:00,6552.75,6555.5,6551.5,6555.25,517,2025-11-21 10:50:00
2025-11-21 05:51:00,6555.5,6559.0,6554.75,6558.75,1212,2025-11-21 10:51:00
2025-11-21 05:52:00,6558.5,6560.5,6557.5,6560.25,666,2025-11-21 10:52:00
2025-11-21 05:53:00,6560.0,6560.75,6558.5,6560.75,480,2025-11-21 10:53:00
2025-11-21 05:54:00,6560.5,6560.75,6558.25,6558.25,378,2025-11-21 10:54:00
2025-11-21 05:55:00,6558.5,6559.75,6556.25,6559.25,512,2025-11-21 10:55:00
2025-11-21 05:56:00,6559.0,6560.75,6558.75,6560.0,397,2025-11-21 10:56:00
2025-11-21 05:57:00,6560.0,6560.75,6559.25,6559.75,397,2025-11-21 10:57:00
2025-11-21 05:58:00,6560.0,6560.25,6558.0,6559.0,273,2025-11-21 10:58:00
2025-11-21 05:59:00,6559.0,6561.5,6558.75,6560.75,360,2025-11-21 10:59:00
2025-11-21 06:00:00,6561.25,6563.75,6559.0,6563.5,710,2025-11-21 11:00:00
2025-11-21 06:01:00,6563.25,6566.75,6562.75,6565.75,1096,2025-11-21 11:01:00
2025-11-21 06:02:00,6566.0,6566.0,6561.25,6561.75,429,2025-11-21 11:02:00
2025-11-21 06:03:00,6561.75,6562.25,6559.25,6560.25,256,2025-11-21 11:03:00
2025-11-21 06:04:00,6560.25,6561.0,6559.0,6560.0,295,2025-11-21 11:04:00
2025-11-21 06:05:00,6560.5,6560.5,6559.0,6559.75,517,2025-11-21 11:05:00
2025-11-21 06:06:00,6560.0,6564.0,6559.75,6563.75,544,2025-11-21 11:06:00
2025-11-21 06:07:00,6564.0,6567.75,6563.5,6567.25,476,2025-11-21 11:07:00
2025-11-21 06:08:00,6567.25,6569.75,6565.5,6566.25,694,2025-11-21 11:08:00
2025-11-21 06:09:00,6566.0,6567.75,6565.5,6567.0,397,2025-11-21 11:09:00
2025-11-21 06:10:00,6567.25,6569.25,6567.0,6567.75,352,2025-11-21 11:10:00
2025-11-21 06:11:00,6567.75,6569.25,6566.5,6568.5,526,2025-11-21 11:11:00
2025-11-21 06:12:00,6568.25,6570.0,6567.75,6569.25,422,2025-11-21 11:12:00
2025-11-21 06:13:00,6569.25,6571.25,6568.75,6569.0,472,2025-11-21 11:13:00
2025-11-21 06:14:00,6568.75,6571.25,6567.75,6571.0,434,2025-11-21 11:14:00
2025-11-21 06:15:00,6571.25,6572.5,6570.25,6571.25,385,2025-11-21 11:15:00
2025-11-21 06:16:00,6571.5,6572.0,6569.5,6569.5,337,2025-11-21 11:16:00
2025-11-21 06:17:00,6569.5,6571.25,6565.0,6567.0,1077,2025-11-21 11:17:00
2025-11-21 06:18:00,6567.25,6567.25,6565.0,6565.75,333,2025-11-21 11:18:00
2025-11-21 06:19:00,6566.0,6567.25,6564.5,6565.75,266,2025-11-21 11:19:00
2025-11-21 06:20:00,6566.0,6567.0,6564.75,6565.75,296,2025-11-21 11:20:00
2025-11-21 06:21:00,6565.75,6565.75,6563.75,6564.25,257,2025-11-21 11:21:00
2025-11-21 06:22:00,6564.25,6565.25,6563.0,6565.0,336,2025-11-21 11:22:00
2025-11-21 06:23:00,6565.0,6569.75,6565.0,6568.0,375,2025-11-21 11:23:00
2025-11-21 06:24:00,6568.25,6568.25,6564.5,6565.25,312,2025-11-21 11:24:00
2025-11-21 06:25:00,6565.25,6565.5,6563.5,6564.0,306,2025-11-21 11:25:00
2025-11-21 06:26:00,6563.5,6563.75,6559.75,6560.0,551,2025-11-21 11:26:00
2025-11-21 06:27:00,6560.25,6562.25,6560.0,6560.5,349,2025-11-21 11:27:00
2025-11-21 06:28:00,6560.75,6562.25,6560.25,6560.5,305,2025-11-21 11:28:00
2025-11-21 06:29:00,6560.5,6560.75,6558.25,6558.25,279,2025-11-21 11:29:00
2025-11-21 06:30:00,6558.25,6560.75,6558.25,6559.0,335,2025-11-21 11:30:00
2025-11-21 06:31:00,6558.75,6559.5,6558.0,6558.5,213,2025-11-21 11:31:00
2025-11-21 06:32:00,6558.5,6562.5,6558.25,6562.25,272,2025-11-21 11:32:00
2025-11-21 06:33:00,6562.0,6562.5,6561.0,6561.75,371,2025-11-21 11:33:00
2025-11-21 06:34:00,6561.75,6561.75,6559.5,6560.0,395,2025-11-21 11:34:00
2025-11-21 06:35:00,6560.0,6561.75,6559.25,6559.5,316,2025-11-21 11:35:00
2025-11-21 06:36:00,6559.5,6561.75,6558.5,6561.5,410,2025-11-21 11:36:00
2025-11-21 06:37:00,6561.5,6562.0,6558.5,6559.0,232,2025-11-21 11:37:00
2025-11-21 06:38:00,6558.5,6559.0,6557.5,6557.75,269,2025-11-21 11:38:00
2025-11-21 06:39:00,6557.75,6558.25,6556.5,6558.0,368,2025-11-21 11:39:00
2025-11-21 06:40:00,6558.25,6561.0,6554.25,6554.75,704,2025-11-21 11:40:00
2025-11-21 06:41:00,6554.5,6557.25,6553.25,6556.5,695,2025-11-21 11:41:00
2025-11-21 06:42:00,6556.5,6558.0,6556.25,6556.75,307,2025-11-21 11:42:00
2025-11-21 06:43:00,6557.0,6559.25,6557.0,6558.75,140,2025-11-21 11:43:00
2025-11-21 06:44:00,6558.75,6559.5,6557.25,6558.75,177,2025-11-21 11:44:00
2025-11-21 06:45:00,6558.5,6559.0,6556.5,6557.0,253,2025-11-21 11:45:00
2025-11-21 06:46:00,6557.25,6558.0,6555.25,6555.75,274,2025-11-21 11:46:00
2025-11-21 06:47:00,6556.0,6556.0,6550.0,6551.0,582,2025-11-21 11:47:00
2025-11-21 06:48:00,6551.25,6552.5,6550.25,6551.0,367,2025-11-21 11:48:00
2025-11-21 06:49:00,6551.0,6552.0,6549.5,6550.0,496,2025-11-21 11:49:00
2025-11-21 06:50:00,6550.0,6550.5,6547.25,6549.75,706,2025-11-21 11:50:00
2025-11-21 06:51:00,6549.75,6549.75,6546.0,6547.0,490,2025-11-21 11:51:00
2025-11-21 06:52:00,6547.0,6548.25,6546.0,6546.5,521,2025-11-21 11:52:00
2025-11-21 06:53:00,6546.5,6547.5,6544.25,6545.25,634,2025-11-21 11:53:00
2025-11-21 06:54:00,6545.0,6547.5,6544.75,6546.0,460,2025-11-21 11:54:00
2025-11-21 06:55:00,6546.0,6550.25,6546.0,6549.25,503,2025-11-21 11:55:00
2025-11-21 06:56:00,6549.25,6549.5,6544.75,6545.5,605,2025-11-21 11:56:00
2025-11-21 06:57:00,6545.5,6549.0,6544.5,6548.75,387,2025-11-21 11:57:00
2025-11-21 06:58:00,6548.75,6553.25,6548.75,6551.75,510,2025-11-21 11:58:00
2025-11-21 06:59:00,6551.75,6553.0,6550.75,6552.75,231,2025-11-21 11:59:00
2025-11-21 07:00:00,6553.0,6553.25,6547.0,6547.25,958,2025-11-21 12:00:00
2025-11-21 07:01:00,6547.5,6551.5,6547.0,6549.75,411,2025-11-21 12:01:00
2025-11-21 07:02:00,6549.75,6556.0,6549.75,6555.5,1493,2025-11-21 12:02:00
2025-11-21 07:03:00,6555.75,6556.75,6551.75,6555.5,730,2025-11-21 12:03:00
2025-11-21 07:04:00,6555.25,6555.25,6550.0,6550.75,405,2025-11-21 12:04:00
2025-11-21 07:05:00,6550.75,6551.5,6546.5,6548.0,481,2025-11-21 12:05:00
2025-11-21 07:06:00,6548.0,6550.75,6547.5,6550.25,471,2025-11-21 12:06:00
2025-11-21 07:07:00,6550.25,6552.5,6548.0,6552.0,452,2025-11-21 12:07:00
2025-11-21 07:08:00,6552.0,6552.0,6545.75,6546.25,478,2025-11-21 12:08:00
2025-11-21 07:09:00,6546.0,6549.0,6545.5,6546.75,639,2025-11-21 12:09:00
2025-11-21 07:10:00,6546.75,6546.75,6545.0,6545.5,421,2025-11-21 12:10:00
2025-11-21 07:11:00,6545.75,6545.75,6540.75,6541.5,845,2025-11-21 12:11:00
2025-11-21 07:12:00,6541.5,6541.5,6535.0,6536.5,1355,2025-11-21 12:12:00
2025-11-21 07:13:00,6536.75,6543.5,6536.75,6543.5,934,2025-11-21 12:13:00
2025-11-21 07:14:00,6543.25,6546.25,6542.25,6544.75,507,2025-11-21 12:14:00
2025-11-21 07:15:00,6544.75,6547.5,6544.75,6547.25,524,2025-11-21 12:15:00
2025-11-21 07:16:00,6547.0,6547.5,6543.75,6544.0,588,2025-11-21 12:16:00
2025-11-21 07:17:00,6544.25,6544.75,6541.0,6542.5,574,2025-11-21 12:17:00
2025-11-21 07:18:00,6542.5,6543.75,6539.25,6541.25,571,2025-11-21 12:18:00
2025-11-21 07:19:00,6541.5,6544.25,6541.0,6543.5,342,2025-11-21 12:19:00
2025-11-21 07:20:00,6544.0,6545.0,6542.0,6542.0,584,2025-11-21 12:20:00
2025-11-21 07:21:00,6542.0,6542.0,6536.5,6536.5,480,2025-11-21 12:21:00
2025-11-21 07:22:00,6536.75,6537.25,6534.75,6535.0,713,2025-11-21 12:22:00
2025-11-21 07:23:00,6535.25,6535.5,6531.5,6533.75,814,2025-11-21 12:23:00
2025-11-21 07:24:00,6533.75,6534.25,6531.75,6533.25,763,2025-11-21 12:24:00
2025-11-21 07:25:00,6533.5,6537.75,6532.5,6536.75,930,2025-11-21 12:25:00
2025-11-21 07:26:00,6536.75,6539.5,6536.0,6538.25,441,2025-11-21 12:26:00
2025-11-21 07:27:00,6538.0,6539.0,6537.0,6538.25,212,2025-11-21 12:27:00
2025-11-21 07:28:00,6538.0,6538.25,6535.0,6535.25,370,2025-11-21 12:28:00
2025-11-21 07:29:00,6535.25,6535.5,6533.25,6533.5,528,2025-11-21 12:29:00
2025-11-21 07:30:00,6533.75,6570.5,6533.5,6562.25,8488,2025-11-21 12:30:00
2025-11-21 07:31:00,6562.5,6570.0,6554.0,6569.5,2845,2025-11-21 12:31:00
2025-11-21 07:32:00,6569.25,6573.0,6557.5,6561.5,3212,2025-11-21 12:32:00
2025-11-21 07:33:00,6561.75,6564.5,6556.0,6562.75,1438,2025-11-21 12:33:00
2025-11-21 07:34:00,6562.75,6570.75,6562.0,6566.75,2177,2025-11-21 12:34:00
2025-11-21 07:35:00,6566.5,6574.5,6564.0,6574.25,2308,2025-11-21 12:35:00
2025-11-21 07:36:00,6573.75,6578.0,6569.5,6577.25,3153,2025-11-21 12:36:00
2025-11-21 07:37:00,6577.25,6582.5,6575.0,6579.75,2503,2025-11-21 12:37:00
2025-11-21 07:38:00,6580.25,6581.5,6574.0,6579.5,2336,2025-11-21 12:38:00
2025-11-21 07:39:00,6579.5,6582.0,6576.75,6580.75,1173,2025-11-21 12:39:00
2025-11-21 07:40:00,6581.0,6581.0,6575.0,6576.0,909,2025-11-21 12:40:00
2025-11-21 07:41:00,6576.5,6577.0,6571.25,6572.5,1253,2025-11-21 12:41:00
2025-11-21 07:42:00,6572.75,6575.0,6570.0,6570.75,954,2025-11-21 12:42:00
2025-11-21 07:43:00,6571.0,6576.0,6567.25,6576.0,1066,2025-11-21 12:43:00
2025-11-21 07:44:00,6575.75,6579.25,6573.25,6578.5,1301,2025-11-21 12:44:00
2025-11-21 07:45:00,6578.25,6584.25,6577.25,6583.25,2147,2025-11-21 12:45:00
2025-11-21 07:46:00,6583.0,6588.75,6582.75,6588.25,2950,2025-11-21 12:46:00
2025-11-21 07:47:00,6588.25,6593.25,6587.75,6592.5,2469,2025-11-21 12:47:00
2025-11-21 07:48:00,6592.25,6593.0,6584.75,6587.75,3770,2025-11-21 12:48:00
2025-11-21 07:49:00,6587.75,6590.5,6585.25,6589.75,1060,2025-11-21 12:49:00
2025-11-21 07:50:00,6589.5,6592.75,6587.75,6591.0,1963,2025-11-21 12:50:00
2025-11-21 07:51:00,6591.0,6591.75,6585.75,6588.0,2554,2025-11-21 12:51:00
2025-11-21 07:52:00,6588.0,6592.75,6587.75,6591.75,1652,2025-11-21 12:52:00
2025-11-21 07:53:00,6592.0,6593.25,6590.75,6592.5,921,2025-11-21 12:53:00
2025-11-21 07:54:00,6592.25,6596.75,6592.25,6595.0,2010,2025-11-21 12:54:00
2025-11-21 07:55:00,6595.0,6597.0,6590.25,6591.0,2463,2025-11-21 12:55:00
2025-11-21 07:56:00,6591.25,6591.25,6587.25,6590.25,1729,2025-11-21 12:56:00
2025-11-21 07:57:00,6590.0,6591.0,6587.25,6588.75,1605,2025-11-21 12:57:00
2025-11-21 07:58:00,6588.75,6589.5,6585.0,6585.5,1958,2025-11-21 12:58:00
2025-11-21 07:59:00,6585.5,6587.75,6585.0,6585.5,896,2025-11-21 12:59:00
2025-11-21 08:00:00,6585.75,6589.5,6585.75,6589.25,818,2025-11-21 13:00:00
2025-11-21 08:01:00,6589.5,6591.25,6585.25,6585.5,780,2025-11-21 13:01:00
2025-11-21 08:02:00,6585.75,6587.0,6580.75,6580.75,1245,2025-11-21 13:02:00
2025-11-21 08:03:00,6580.75,6584.0,6580.25,6580.5,1070,2025-11-21 13:03:00
2025-11-21 08:04:00,6580.5,6580.75,6573.25,6575.25,1965,2025-11-21 13:04:00
2025-11-21 08:05:00,6575.5,6577.75,6573.75,6577.5,630,2025-11-21 13:05:00
2025-11-21 08:06:00,6577.5,6580.5,6574.5,6580.25,842,2025-11-21 13:06:00
2025-11-21 08:07:00,6580.0,6581.75,6578.75,6580.25,697,2025-11-21 13:07:00
2025-11-21 08:08:00,6580.25,6581.25,6577.75,6580.75,568,2025-11-21 13:08:00
2025-11-21 08:09:00,6580.75,6582.25,6578.25,6579.75,605,2025-11-21 13:09:00
2025-11-21 08:10:00,6580.25,6581.0,6577.25,6579.25,494,2025-11-21 13:10:00
2025-11-21 08:11:00,6579.5,6583.25,6579.5,6583.0,556,2025-11-21 13:11:00
2025-11-21 08:12:00,6583.25,6585.0,6582.5,6584.75,613,2025-11-21 13:12:00
2025-11-21 08:13:00,6584.75,6586.5,6583.25,6585.75,663,2025-11-21 13:13:00
2025-11-21 08:14:00,6585.5,6587.25,6584.75,6585.25,773,2025-11-21 13:14:00
2025-11-21 08:15:00,6585.25,6588.75,6584.25,6587.5,1534,2025-11-21 13:15:00
2025-11-21 08:16:00,6587.75,6590.25,6587.0,6589.25,887,2025-11-21 13:16:00
2025-11-21 08:17:00,6589.5,6593.5,6589.25,6592.5,1239,2025-11-21 13:17:00
2025-11-21 08:18:00,6592.25,6593.0,6590.5,6591.75,1231,2025-11-21 13:18:00
2025-11-21 08:19:00,6591.5,6595.0,6590.25,6594.75,1317,2025-11-21 13:19:00
2025-11-21 08:20:00,6594.75,6598.75,6592.25,6598.25,1619,2025-11-21 13:20:00
2025-11-21 08:21:00,6598.25,6598.5,6596.0,6597.75,1356,2025-11-21 13:21:00
2025-11-21 08:22:00,6597.75,6599.0,6593.0,6593.0,2235,2025-11-21 13:22:00
2025-11-21 08:23:00,6593.25,6595.75,6590.75,6594.25,1254,2025-11-21 13:23:00
2025-11-21 08:24:00,6594.5,6594.75,6588.0,6588.25,1263,2025-11-21 13:24:00
2025-11-21 08:25:00,6588.5,6589.5,6583.25,6585.0,2127,2025-11-21 13:25:00
2025-11-21 08:26:00,6585.0,6586.0,6580.75,6584.25,1725,2025-11-21 13:26:00
2025-11-21 08:27:00,6584.5,6588.25,6582.75,6586.5,604,2025-11-21 13:27:00
2025-11-21 08:28:00,6586.75,6587.5,6584.25,6584.25,506,2025-11-21 13:28:00
2025-11-21 08:29:00,6584.75,6585.75,6581.0,6581.25,939,2025-11-21 13:29:00
2025-11-21 08:30:00,6581.75,6587.25,6581.5,6587.0,825,2025-11-21 13:30:00
2025-11-21 08:31:00,6587.0,6588.0,6585.0,6587.5,798,2025-11-21 13:31:00
2025-11-21 08:32:00,6587.25,6587.5,6583.75,6584.0,590,2025-11-21 13:32:00
2025-11-21 08:33:00,6584.0,6585.5,6582.5,6585.0,663,2025-11-21 13:33:00
2025-11-21 08:34:00,6585.25,6586.75,6584.5,6585.5,438,2025-11-21 13:34:00
2025-11-21 08:35:00,6585.5,6591.75,6585.0,6590.75,1228,2025-11-21 13:35:00
2025-11-21 08:36:00,6591.0,6597.25,6590.75,6595.5,1234,2025-11-21 13:36:00
2025-11-21 08:37:00,6595.25,6595.25,6590.75,6593.5,549,2025-11-21 13:37:00
2025-11-21 08:38:00,6593.0,6596.75,6590.25,6594.0,1548,2025-11-21 13:38:00
2025-11-21 08:39:00,6594.25,6594.25,6592.25,6592.5,743,2025-11-21 13:39:00
2025-11-21 08:40:00,6592.25,6593.75,6591.0,6592.75,538,2025-11-21 13:40:00
2025-11-21 08:41:00,6593.0,6593.75,6591.25,6593.75,352,2025-11-21 13:41:00
2025-11-21 08:42:00,6593.5,6596.25,6593.25,6595.25,614,2025-11-21 13:42:00
2025-11-21 08:43:00,6595.25,6597.5,6594.0,6595.5,614,2025-11-21 13:43:00
2025-11-21 08:44:00,6595.75,6596.25,6593.25,6595.0,895,2025-11-21 13:44:00
2025-11-21 08:45:00,6594.75,6595.25,6592.25,6592.75,917,2025-11-21 13:45:00
2025-11-21 08:46:00,6592.75,6595.75,6592.5,6594.0,606,2025-11-21 13:46:00
2025-11-21 08:47:00,6594.25,6596.5,6593.25,6593.25,609,2025-11-21 13:47:00
2025-11-21 08:48:00,6593.25,6596.25,6591.75,6594.25,954,2025-11-21 13:48:00
2025-11-21 08:49:00,6594.25,6594.25,6588.75,6590.5,1058,2025-11-21 13:49:00
2025-11-21 08:50:00,6590.25,6591.75,6589.0,6590.25,889,2025-11-21 13:50:00
2025-11-21 08:51:00,6590.25,6592.25,6588.5,6590.0,953,2025-11-21 13:51:00
2025-11-21 08:52:00,6590.25,6590.75,6588.25,6589.5,628,2025-11-21 13:52:00
2025-11-21 08:53:00,6589.5,6592.25,6589.5,6592.0,617,2025-11-21 13:53:00
2025-11-21 08:54:00,6592.0,6594.0,6591.75,6592.5,838,2025-11-21 13:54:00
2025-11-21 08:55:00,6592.5,6593.25,6590.5,6590.75,596,2025-11-21 13:55:00
2025-11-21 08:56:00,6591.0,6592.5,6588.25,6589.25,823,2025-11-21 13:56:00
2025-11-21 08:57:00,6589.5,6589.75,6588.0,6588.75,383,2025-11-21 13:57:00
2025-11-21 08:58:00,6588.75,6589.5,6587.25,6589.0,646,2025-11-21 13:58:00
2025-11-21 08:59:00,6589.25,6591.75,6589.0,6590.75,613,2025-11-21 13:59:00
2025-11-21 09:00:00,6590.5,6592.0,6587.25,6589.25,2611,2025-11-21 14:00:00
2025-11-21 09:01:00,6589.0,6589.5,6585.5,6587.5,1413,2025-11-21 14:01:00
2025-11-21 09:02:00,6587.75,6591.5,6587.5,6591.25,961,2025-11-21 14:02:00
2025-11-21 09:03:00,6591.25,6591.25,6587.5,6588.75,700,2025-11-21 14:03:00
2025-11-21 09:04:00,6588.75,6589.25,6586.0,6586.25,619,2025-11-21 14:04:00
2025-11-21 09:05:00,6586.25,6586.25,6584.25,6584.75,828,2025-11-21 14:05:00
2025-11-21 09:06:00,6584.75,6587.25,6584.75,6585.75,870,2025-11-21 14:06:00
2025-11-21 09:07:00,6585.75,6587.5,6584.5,6585.75,812,2025-11-21 14:07:00
2025-11-21 09:08:00,6585.75,6589.5,6585.75,6589.0,847,2025-11-21 14:08:00
2025-11-21 09:09:00,6589.25,6593.0,6589.25,6592.25,1261,2025-11-21 14:09:00
2025-11-21 09:10:00,6592.0,6594.0,6590.75,6593.5,696,2025-11-21 14:10:00
2025-11-21 09:11:00,6593.5,6594.25,6588.75,6590.0,800,2025-11-21 14:11:00
2025-11-21 09:12:00,6589.75,6592.75,6589.0,6592.25,723,2025-11-21 14:12:00
2025-11-21 09:13:00,6592.0,6592.5,6588.25,6588.75,936,2025-11-21 14:13:00
2025-11-21 09:14:00,6588.5,6590.5,6588.0,6589.25,732,2025-11-21 14:14:00
2025-11-21 09:15:00,6589.0,6589.0,6586.5,6586.75,739,2025-11-21 14:15:00
2025-11-21 09:16:00,6587.0,6587.75,6585.75,6587.25,786,2025-11-21 14:16:00
2025-11-21 09:17:00,6587.25,6588.25,6584.5,6585.25,844,2025-11-21 14:17:00
2025-11-21 09:18:00,6585.25,6586.25,6584.75,6585.25,576,2025-11-21 14:18:00
2025-11-21 09:19:00,6585.25,6587.25,6584.25,6584.5,471,2025-11-21 14:19:00
2025-11-21 09:20:00,6584.75,6585.75,6583.25,6583.25,877,2025-11-21 14:20:00
2025-11-21 09:21:00,6583.5,6583.75,6580.0,6581.0,1558,2025-11-21 14:21:00
2025-11-21 09:22:00,6580.75,6583.0,6580.0,6582.5,1231,2025-11-21 14:22:00
2025-11-21 09:23:00,6583.0,6583.0,6581.0,6582.75,823,2025-11-21 14:23:00
2025-11-21 09:24:00,6582.75,6583.25,6580.75,6582.0,1023,2025-11-21 14:24:00
2025-11-21 09:25:00,6582.25,6584.5,6581.5,6583.0,1970,2025-11-21 14:25:00
2025-11-21 09:26:00,6583.0,6584.0,6582.0,6582.75,1007,2025-11-21 14:26:00
2025-11-21 09:27:00,6582.75,6584.5,6580.5,6580.75,1906,2025-11-21 14:27:00
2025-11-21 09:28:00,6581.0,6583.5,6580.0,6581.25,3051,2025-11-21 14:28:00
2025-11-21 09:29:00,6581.0,6584.5,6580.75,6581.5,6425,2025-11-21 14:29:00
2025-11-21 09:30:00,6581.5,6596.0,6576.75,6588.75,20466,2025-11-21 14:30:00
2025-11-21 09:31:00,6588.75,6591.5,6576.5,6578.25,10989,2025-11-21 14:31:00
2025-11-21 09:32:00,6578.25,6589.5,6575.5,6587.5,8461,2025-11-21 14:32:00
2025-11-21 09:33:00,6587.5,6588.0,6575.0,6582.0,7267,2025-11-21 14:33:00
2025-11-21 09:34:00,6582.0,6590.75,6582.0,6586.0,6902,2025-11-21 14:34:00
2025-11-21 09:35:00,6586.25,6587.75,6578.25,6582.5,6188,2025-11-21 14:35:00
2025-11-21 09:36:00,6582.25,6590.5,6579.5,6590.25,6951,2025-11-21 14:36:00
2025-11-21 09:37:00,6590.25,6593.75,6587.0,6588.75,5433,2025-11-21 14:37:00
2025-11-21 09:38:00,6589.0,6593.0,6579.5,6579.5,5464,2025-11-21 14:38:00
2025-11-21 09:39:00,6579.5,6583.75,6576.75,6577.5,5613,2025-11-21 14:39:00
2025-11-21 09:40:00,6577.25,6584.75,6571.5,6584.0,9128,2025-11-21 14:40:00
2025-11-21 09:41:00,6584.25,6588.0,6582.5,6587.75,6512,2025-11-21 14:41:00
2025-11-21 09:42:00,6587.75,6591.5,6576.5,6580.0,8007,2025-11-21 14:42:00
2025-11-21 09:43:00,6580.25,6580.5,6574.5,6576.0,5719,2025-11-21 14:43:00
2025-11-21 09:44:00,6576.0,6579.25,6573.0,6574.25,3204,2025-11-21 14:44:00
2025-11-21 09:45:00,6574.25,6578.25,6568.5,6569.25,6750,2025-11-21 14:45:00
2025-11-21 09:46:00,6569.5,6570.75,6562.5,6565.75,10752,2025-11-21 14:46:00
2025-11-21 09:47:00,6565.75,6573.5,6564.25,6568.25,8255,2025-11-21 14:47:00
2025-11-21 09:48:00,6568.25,6584.5,6568.0,6584.25,10596,2025-11-21 14:48:00
2025-11-21 09:49:00,6584.25,6585.5,6573.25,6577.75,6770,2025-11-21 14:49:00
2025-11-21 09:50:00,6577.75,6582.25,6574.0,6578.75,5828,2025-11-21 14:50:00
2025-11-21 09:51:00,6579.5,6581.75,6573.5,6578.25,5361,2025-11-21 14:51:00
2025-11-21 09:52:00,6578.5,6587.25,6575.0,6586.25,5769,2025-11-21 14:52:00
2025-11-21 09:53:00,6586.25,6588.0,6580.75,6587.25,5193,2025-11-21 14:53:00
2025-11-21 09:54:00,6587.0,6596.0,6586.25,6592.5,8581,2025-11-21 14:54:00
2025-11-21 09:55:00,6592.5,6593.25,6588.75,6590.25,5825,2025-11-21 14:55:00
2025-11-21 09:56:00,6590.5,6590.5,6573.75,6576.25,6666,2025-11-21 14:56:00
2025-11-21 09:57:00,6576.0,6582.25,6575.75,6580.0,4937,2025-11-21 14:57:00
2025-11-21 09:58:00,6579.75,6582.25,6577.75,6581.75,2903,2025-11-21 14:58:00
2025-11-21 09:59:00,6581.75,6582.75,6575.5,6576.25,3031,2025-11-21 14:59:00
2025-11-21 10:00:00,6576.5,6588.25,6576.5,6577.25,6337,2025-11-21 15:00:00
2025-11-21 10:01:00,6577.25,6578.5,6570.5,6571.75,7470,2025-11-21 15:01:00
2025-11-21 10:02:00,6572.0,6573.0,6565.25,6565.75,7846,2025-11-21 15:02:00
2025-11-21 10:03:00,6566.0,6570.5,6563.0,6570.0,8975,2025-11-21 15:03:00
2025-11-21 10:04:00,6570.0,6571.5,6565.25,6570.25,6326,2025-11-21 15:04:00
2025-11-21 10:05:00,6570.25,6581.25,6570.25,6579.25,6518,2025-11-21 15:05:00
2025-11-21 10:06:00,6579.5,6587.0,6576.5,6584.0,8126,2025-11-21 15:06:00
2025-11-21 10:07:00,6584.25,6585.25,6575.5,6576.0,6245,2025-11-21 15:07:00
2025-11-21 10:08:00,6575.75,6576.75,6566.5,6572.5,6338,2025-11-21 15:08:00
2025-11-21 10:09:00,6572.75,6578.25,6569.25,6574.5,7045,2025-11-21 15:09:00
2025-11-21 10:10:00,6574.5,6574.5,6563.5,6570.0,6893,2025-11-21 15:10:00
2025-11-21 10:11:00,6570.0,6571.75,6566.0,6570.0,5907,2025-11-21 15:11:00
2025-11-21 10:12:00,6570.0,6572.5,6565.25,6568.5,5649,2025-11-21 15:12:00
2025-11-21 10:13:00,6568.25,6570.0,6563.5,6567.0,8997,2025-11-21 15:13:00
2025-11-21 10:14:00,6567.0,6571.75,6563.75,6568.25,6229,2025-11-21 15:14:00
2025-11-21 10:15:00,6568.25,6576.0,6566.5,6568.5,7446,2025-11-21 15:15:00
2025-11-21 10:16:00,6568.25,6571.75,6565.25,6567.5,6651,2025-11-21 15:16:00
2025-11-21 10:17:00,6567.5,6567.5,6557.5,6560.5,8912,2025-11-21 15:17:00
2025-11-21 10:18:00,6560.75,6571.25,6560.75,6570.75,9573,2025-11-21 15:18:00
2025-11-21 10:19:00,6570.5,6575.75,6569.25,6574.0,6478,2025-11-21 15:19:00
2025-11-21 10:20:00,6574.0,6575.75,6559.0,6564.5,8427,2025-11-21 15:20:00
2025-11-21 10:21:00,6564.25,6564.25,6556.5,6557.75,7008,2025-11-21 15:21:00
2025-11-21 10:22:00,6557.75,6572.5,6554.5,6570.5,11965,2025-11-21 15:22:00
2025-11-21 10:23:00,6570.75,6576.0,6566.5,6573.0,8160,2025-11-21 15:23:00
2025-11-21 10:24:00,6573.25,6582.75,6566.5,6582.25,8148,2025-11-21 15:24:00
2025-11-21 10:25:00,6582.25,6590.5,6581.0,6583.25,9211,2025-11-21 15:25:00
2025-11-21 10:26:00,6583.0,6583.25,6569.0,6575.5,7783,2025-11-21 15:26:00
2025-11-21 10:27:00,6575.0,6578.5,6566.5,6568.25,6538,2025-11-21 15:27:00
2025-11-21 10:28:00,6568.0,6569.5,6560.5,6561.25,6347,2025-11-21 15:28:00
2025-11-21 10:29:00,6561.0,6563.0,6558.5,6562.0,6371,2025-11-21 15:29:00
2025-11-21 10:30:00,6561.75,6568.25,6557.25,6566.0,7613,2025-11-21 15:30:00
2025-11-21 10:31:00,6565.5,6567.75,6560.5,6567.75,5538,2025-11-21 15:31:00
2025-11-21 10:32:00,6568.0,6571.75,6564.25,6568.0,6400,2025-11-21 15:32:00
2025-11-21 10:33:00,6568.0,6570.5,6559.25,6559.5,4884,2025-11-21 15:33:00
2025-11-21 10:34:00,6559.75,6565.5,6554.75,6558.5,7482,2025-11-21 15:34:00
2025-11-21 10:35:00,6558.25,6558.5,6547.5,6548.25,10996,2025-11-21 15:35:00
2025-11-21 10:36:00,6548.0,6551.0,6543.0,6544.75,10164,2025-11-21 15:36:00
2025-11-21 10:37:00,6544.5,6548.5,6539.0,6545.5,9950,2025-11-21 15:37:00
2025-11-21 10:38:00,6545.25,6550.5,6543.5,6547.5,8724,2025-11-21 15:38:00
2025-11-21 10:39:00,6547.75,6548.0,6543.0,6545.25,6727,2025-11-21 15:39:00
2025-11-21 10:40:00,6545.25,6549.25,6540.5,6544.25,12775,2025-11-21 15:40:00
2025-11-21 10:41:00,6544.25,6555.0,6544.25,6548.0,8951,2025-11-21 15:41:00
2025-11-21 10:42:00,6548.0,6554.5,6546.0,6553.5,8486,2025-11-21 15:42:00
2025-11-21 10:43:00,6553.25,6556.75,6550.75,6554.75,6794,2025-11-21 15:43:00
2025-11-21 10:44:00,6554.5,6564.25,6554.5,6559.5,9654,2025-11-21 15:44:00
2025-11-21 10:45:00,6559.5,6565.0,6554.75,6563.75,6078,2025-11-21 15:45:00
2025-11-21 10:46:00,6563.75,6568.75,6559.75,6567.25,5617,2025-11-21 15:46:00
2025-11-21 10:47:00,6567.75,6572.0,6564.75,6569.75,6643,2025-11-21 15:47:00
2025-11-21 10:48:00,6570.0,6571.5,6563.75,6568.5,5117,2025-11-21 15:48:00
2025-11-21 10:49:00,6568.5,6574.5,6566.25,6572.0,5332,2025-11-21 15:49:00
2025-11-21 10:50:00,6571.75,6571.75,6563.75,6570.75,4222,2025-11-21 15:50:00
2025-11-21 10:51:00,6570.5,6571.0,6558.5,6563.5,4143,2025-11-21 15:51:00
2025-11-21 10:52:00,6563.75,6564.25,6557.5,6560.0,4222,2025-11-21 15:52:00
2025-11-21 10:53:00,6560.0,6565.0,6557.25,6565.0,4816,2025-11-21 15:53:00
2025-11-21 10:54:00,6565.0,6575.0,6563.5,6572.5,5975,2025-11-21 15:54:00
2025-11-21 10:55:00,6572.5,6574.75,6567.25,6574.25,4635,2025-11-21 15:55:00
2025-11-21 10:56:00,6574.25,6575.0,6565.25,6573.5,4279,2025-11-21 15:56:00
2025-11-21 10:57:00,6573.75,6574.0,6562.75,6563.0,4509,2025-11-21 15:57:00
2025-11-21 10:58:00,6562.75,6567.5,6559.5,6565.0,4947,2025-11-21 15:58:00
2025-11-21 10:59:00,6565.25,6565.5,6557.75,6558.5,4388,2025-11-21 15:59:00
2025-11-21 11:00:00,6558.5,6564.0,6557.5,6560.25,4698,2025-11-21 16:00:00
2025-11-21 11:01:00,6560.0,6561.75,6556.5,6557.5,4242,2025-11-21 16:01:00
2025-11-21 11:02:00,6557.5,6558.0,6551.25,6552.75,6586,2025-11-21 16:02:00
2025-11-21 11:03:00,6552.75,6555.25,6550.75,6553.75,4990,2025-11-21 16:03:00
2025-11-21 11:04:00,6553.75,6553.75,6545.25,6550.0,4114,2025-11-21 16:04:00
2025-11-21 11:05:00,6550.0,6550.25,6542.25,6543.75,4216,2025-11-21 16:05:00
2025-11-21 11:06:00,6544.0,6550.0,6541.75,6548.75,4813,2025-11-21 16:06:00
2025-11-21 11:07:00,6549.25,6555.25,6548.25,6554.0,4490,2025-11-21 16:07:00
2025-11-21 11:08:00,6554.25,6560.0,6552.0,6557.75,5482,2025-11-21 16:08:00
2025-11-21 11:09:00,6557.75,6560.0,6554.5,6559.75,3848,2025-11-21 16:09:00
2025-11-21 11:10:00,6559.75,6564.0,6558.25,6561.25,6029,2025-11-21 16:10:00
2025-11-21 11:11:00,6561.25,6564.5,6556.25,6559.0,4561,2025-11-21 16:11:00
2025-11-21 11:12:00,6559.25,6562.75,6555.0,6561.25,3637,2025-11-21 16:12:00
2025-11-21 11:13:00,6561.25,6569.0,6560.25,6566.75,4149,2025-11-21 16:13:00
2025-11-21 11:14:00,6566.5,6566.75,6560.25,6564.0,3821,2025-11-21 16:14:00
2025-11-21 11:15:00,6564.0,6566.25,6561.25,6565.5,4724,2025-11-21 16:15:00
2025-11-21 11:16:00,6565.0,6568.5,6562.25,6568.25,4636,2025-11-21 16:16:00
2025-11-21 11:17:00,6568.5,6571.5,6562.75,6565.75,3959,2025-11-21 16:17:00
2025-11-21 11:18:00,6566.0,6566.5,6551.0,6552.25,4689,2025-11-21 16:18:00
2025-11-21 11:19:00,6552.0,6555.0,6550.75,6553.5,4615,2025-11-21 16:19:00
2025-11-21 11:20:00,6553.5,6569.5,6552.0,6567.25,5482,2025-11-21 16:20:00
2025-11-21 11:21:00,6567.25,6574.5,6564.5,6573.75,5964,2025-11-21 16:21:00
2025-11-21 11:22:00,6574.0,6577.75,6572.0,6574.75,7021,2025-11-21 16:22:00
2025-11-21 11:23:00,6575.0,6578.5,6573.25,6573.75,6094,2025-11-21 16:23:00
2025-11-21 11:24:00,6573.5,6580.75,6573.5,6579.0,5178,2025-11-21 16:24:00
2025-11-21 11:25:00,6579.0,6581.5,6576.25,6580.0,4542,2025-11-21 16:25:00
2025-11-21 11:26:00,6579.75,6583.25,6578.75,6580.0,4392,2025-11-21 16:26:00
2025-11-21 11:27:00,6580.0,6585.25,6579.5,6580.75,4206,2025-11-21 16:27:00
2025-11-21 11:28:00,6581.0,6585.5,6579.75,6583.75,3578,2025-11-21 16:28:00
2025-11-21 11:29:00,6583.75,6591.0,6583.5,6590.25,6349,2025-11-21 16:29:00
2025-11-21 11:30:00,6590.5,6594.75,6589.75,6592.75,6795,2025-11-21 16:30:00
2025-11-21 11:31:00,6593.0,6593.25,6585.75,6586.5,7430,2025-11-21 16:31:00
2025-11-21 11:32:00,6586.75,6591.75,6583.5,6589.0,6888,2025-11-21 16:32:00
2025-11-21 11:33:00,6589.0,6594.25,6587.25,6593.0,5557,2025-11-21 16:33:00
2025-11-21 11:34:00,6593.5,6594.75,6588.0,6589.25,5301,2025-11-21 16:34:00
2025-11-21 11:35:00,6589.0,6594.0,6588.25,6593.75,4817,2025-11-21 16:35:00
2025-11-21 11:36:00,6593.75,6603.0,6593.0,6599.5,8305,2025-11-21 16:36:00
2025-11-21 11:37:00,6599.25,6604.0,6598.5,6601.0,6198,2025-11-21 16:37:00
2025-11-21 11:38:00,6601.25,6605.0,6600.0,6602.5,6140,2025-11-21 16:38:00
2025-11-21 11:39:00,6602.5,6602.75,6598.0,6601.0,3756,2025-11-21 16:39:00
2025-11-21 11:40:00,6601.0,6605.0,6600.5,6602.75,4483,2025-11-21 16:40:00
2025-11-21 11:41:00,6602.75,6606.5,6602.25,6603.5,5941,2025-11-21 16:41:00
2025-11-21 11:42:00,6603.25,6608.0,6602.75,6604.25,5204,2025-11-21 16:42:00
2025-11-21 11:43:00,6604.25,6606.0,6602.0,6604.0,3748,2025-11-21 16:43:00
2025-11-21 11:44:00,6604.0,6605.5,6602.0,6604.75,4471,2025-11-21 16:44:00
2025-11-21 11:45:00,6605.0,6605.0,6597.75,6599.5,5241,2025-11-21 16:45:00
2025-11-21 11:46:00,6599.0,6605.75,6598.25,6602.25,4266,2025-11-21 16:46:00
2025-11-21 11:47:00,6602.0,6605.0,6600.0,6604.25,4048,2025-11-21 16:47:00
2025-11-21 11:48:00,6604.25,6612.5,6604.25,6608.0,6886,2025-11-21 16:48:00
2025-11-21 11:49:00,6608.0,6609.75,6606.0,6607.75,3199,2025-11-21 16:49:00
2025-11-21 11:50:00,6607.75,6612.0,6604.5,6611.25,3851,2025-11-21 16:50:00
2025-11-21 11:51:00,6611.0,6615.5,6610.0,6613.75,6340,2025-11-21 16:51:00
2025-11-21 11:52:00,6613.5,6619.5,6612.5,6619.25,6321,2025-11-21 16:52:00
2025-11-21 11:53:00,6619.25,6622.5,6617.75,6619.75,6225,2025-11-21 16:53:00
2025-11-21 11:54:00,6619.75,6620.5,6616.25,6618.75,5250,2025-11-21 16:54:00
2025-11-21 11:55:00,6618.75,6624.25,6618.5,6620.25,5424,2025-11-21 16:55:00
2025-11-21 11:56:00,6620.25,6627.0,6620.25,6626.5,3899,2025-11-21 16:56:00
2025-11-21 11:57:00,6626.25,6631.25,6626.0,6631.0,6632,2025-11-21 16:57:00
2025-11-21 11:58:00,6630.75,6637.25,6630.75,6634.5,7031,2025-11-21 16:58:00
2025-11-21 11:59:00,6634.75,6638.5,6633.75,6638.0,4274,2025-11-21 16:59:00
2025-11-21 12:00:00,6637.75,6640.5,6632.25,6633.75,8551,2025-11-21 17:00:00
2025-11-21 12:01:00,6634.0,6635.25,6628.0,6630.0,5766,2025-11-21 17:01:00
2025-11-21 12:02:00,6630.0,6632.0,6626.0,6627.75,5701,2025-11-21 17:02:00
2025-11-21 12:03:00,6627.75,6633.0,6625.0,6632.0,8214,2025-11-21 17:03:00
2025-11-21 12:04:00,6632.0,6635.75,6631.75,6634.25,4282,2025-11-21 17:04:00
2025-11-21 12:05:00,6634.5,6636.25,6630.0,6633.5,4303,2025-11-21 17:05:00
2025-11-21 12:06:00,6633.5,6634.5,6630.75,6632.5,3812,2025-11-21 17:06:00
2025-11-21 12:07:00,6632.5,6637.0,6631.25,6636.5,4978,2025-11-21 17:07:00
2025-11-21 12:08:00,6636.5,6638.25,6634.75,6637.25,4230,2025-11-21 17:08:00
2025-11-21 12:09:00,6637.5,6643.25,6637.0,6641.0,5269,2025-11-21 17:09:00
2025-11-21 12:10:00,6641.25,6643.5,6639.0,6641.5,4102,2025-11-21 17:10:00
2025-11-21 12:11:00,6641.75,6643.25,6639.75,6641.75,3182,2025-11-21 17:11:00
2025-11-21 12:12:00,6641.75,6642.75,6636.25,6639.25,4215,2025-11-21 17:12:00
2025-11-21 12:13:00,6639.5,6640.0,6633.5,6637.0,4221,2025-11-21 17:13:00
2025-11-21 12:14:00,6637.0,6639.0,6635.5,6637.25,3989,2025-11-21 17:14:00
2025-11-21 12:15:00,6637.25,6639.25,6633.75,6637.0,3824,2025-11-21 17:15:00
2025-11-21 12:16:00,6637.0,6637.0,6632.75,6634.5,3969,2025-11-21 17:16:00
2025-11-21 12:17:00,6634.75,6636.75,6632.5,6634.0,3966,2025-11-21 17:17:00
2025-11-21 12:18:00,6634.25,6638.25,6634.0,6636.25,3678,2025-11-21 17:18:00
2025-11-21 12:19:00,6636.25,6636.5,6629.25,6630.5,5293,2025-11-21 17:19:00
2025-11-21 12:20:00,6630.5,6630.75,6626.25,6630.25,5599,2025-11-21 17:20:00
2025-11-21 12:21:00,6630.25,6633.5,6626.25,6628.75,4095,2025-11-21 17:21:00
2025-11-21 12:22:00,6629.0,6634.0,6628.25,6632.25,4013,2025-11-21 17:22:00
2025-11-21 12:23:00,6632.25,6638.0,6630.25,6637.75,3533,2025-11-21 17:23:00
2025-11-21 12:24:00,6637.75,6641.25,6637.5,6639.75,4384,2025-11-21 17:24:00
2025-11-21 12:25:00,6639.5,6641.75,6637.5,6639.25,3344,2025-11-21 17:25:00
2025-11-21 12:26:00,6639.25,6641.75,6638.0,6639.0,3178,2025-11-21 17:26:00
2025-11-21 12:27:00,6639.0,6639.0,6632.0,6634.5,3879,2025-11-21 17:27:00
2025-11-21 12:28:00,6634.75,6635.25,6629.25,6631.0,5246,2025-11-21 17:28:00
2025-11-21 12:29:00,6631.0,6636.0,6631.0,6635.5,3779,2025-11-21 17:29:00
2025-11-21 12:30:00,6635.5,6638.25,6634.5,6638.0,3861,2025-11-21 17:30:00
2025-11-21 12:31:00,6638.0,6640.25,6636.75,6638.75,3249,2025-11-21 17:31:00
2025-11-21 12:32:00,6638.75,6640.75,6635.5,6640.5,2937,2025-11-21 17:32:00
2025-11-21 12:33:00,6640.5,6642.5,6638.5,6640.25,2708,2025-11-21 17:33:00
2025-11-21 12:34:00,6640.25,6642.0,6638.0,6639.25,2378,2025-11-21 17:34:00
2025-11-21 12:35:00,6639.5,6643.25,6638.0,6641.25,3249,2025-11-21 17:35:00
2025-11-21 12:36:00,6641.25,6644.5,6640.0,6644.5,3560,2025-11-21 17:36:00
2025-11-21 12:37:00,6644.5,6647.0,6640.75,6641.0,3494,2025-11-21 17:37:00
2025-11-21 12:38:00,6641.25,6642.25,6635.5,6636.0,4130,2025-11-21 17:38:00
2025-11-21 12:39:00,6636.25,6640.5,6635.5,6638.5,2604,2025-11-21 17:39:00
2025-11-21 12:40:00,6638.5,6640.75,6637.5,6639.0,3257,2025-11-21 17:40:00
2025-11-21 12:41:00,6638.75,6640.0,6632.75,6639.5,3997,2025-11-21 17:41:00
2025-11-21 12:42:00,6639.25,6641.5,6637.75,6641.5,2140,2025-11-21 17:42:00
2025-11-21 12:43:00,6641.5,6645.0,6641.5,6644.0,3494,2025-11-21 17:43:00
2025-11-21 12:44:00,6644.0,6645.0,6642.5,6643.25,2206,2025-11-21 17:44:00
2025-11-21 12:45:00,6643.25,6646.5,6640.5,6644.0,2791,2025-11-21 17:45:00
2025-11-21 12:46:00,6644.0,6644.5,6636.0,6639.25,2833,2025-11-21 17:46:00
2025-11-21 12:47:00,6639.25,6642.0,6637.5,6640.0,2857,2025-11-21 17:47:00
2025-11-21 12:48:00,6639.75,6644.5,6637.5,6644.0,4198,2025-11-21 17:48:00
2025-11-21 12:49:00,6644.0,6645.0,6642.5,6643.25,2127,2025-11-21 17:49:00
2025-11-21 12:50:00,6643.0,6643.25,6636.0,6636.5,3203,2025-11-21 17:50:00
2025-11-21 12:51:00,6636.25,6638.75,6634.75,6636.5,2752,2025-11-21 17:51:00
2025-11-21 12:52:00,6636.25,6636.25,6631.25,6632.5,3552,2025-11-21 17:52:00
2025-11-21 12:53:00,6632.5,6634.75,6631.25,6632.75,3340,2025-11-21 17:53:00
2025-11-21 12:54:00,6632.75,6636.75,6628.5,6636.5,4449,2025-11-21 17:54:00
2025-11-21 12:55:00,6636.5,6642.25,6636.5,6639.75,3612,2025-11-21 17:55:00
2025-11-21 12:56:00,6640.0,6640.5,6633.25,6634.25,3607,2025-11-21 17:56:00
2025-11-21 12:57:00,6634.25,6635.0,6629.5,6631.75,3145,2025-11-21 17:57:00
2025-11-21 12:58:00,6631.5,6635.25,6629.5,6629.75,2693,2025-11-21 17:58:00
2025-11-21 12:59:00,6629.75,6633.75,6629.25,6633.25,1969,2025-11-21 17:59:00
2025-11-21 13:00:00,6633.5,6636.5,6630.75,6631.0,3835,2025-11-21 18:00:00
2025-11-21 13:01:00,6631.25,6634.5,6628.75,6633.75,3052,2025-11-21 18:01:00
2025-11-21 13:02:00,6634.0,6634.25,6631.0,6632.0,3047,2025-11-21 18:02:00
2025-11-21 13:03:00,6631.75,6631.75,6626.75,6629.5,4347,2025-11-21 18:03:00
2025-11-21 13:04:00,6629.5,6629.75,6616.5,6617.25,5880,2025-11-21 18:04:00
2025-11-21 13:05:00,6617.25,6619.25,6613.5,6614.5,8766,2025-11-21 18:05:00
2025-11-21 13:06:00,6614.5,6620.75,6613.25,6618.25,5327,2025-11-21 18:06:00
2025-11-21 13:07:00,6618.25,6620.0,6614.5,6616.25,4956,2025-11-21 18:07:00
2025-11-21 13:08:00,6616.5,6616.5,6612.25,6613.0,3327,2025-11-21 18:08:00
2025-11-21 13:09:00,6613.0,6618.0,6611.5,6615.75,3342,2025-11-21 18:09:00
2025-11-21 13:10:00,6616.0,6616.0,6608.25,6610.75,3927,2025-11-21 18:10:00
2025-11-21 13:11:00,6610.75,6612.0,6606.5,6610.75,4035,2025-11-21 18:11:00
2025-11-21 13:12:00,6610.75,6611.25,6607.5,6609.5,2909,2025-11-21 18:12:00
2025-11-21 13:13:00,6609.5,6613.75,6609.25,6610.0,3543,2025-11-21 18:13:00
2025-11-21 13:14:00,6610.0,6610.5,6606.5,6607.25,2455,2025-11-21 18:14:00
2025-11-21 13:15:00,6607.0,6607.0,6601.0,6603.0,4357,2025-11-21 18:15:00
2025-11-21 13:16:00,6603.0,6606.25,6600.25,6604.75,3751,2025-11-21 18:16:00
2025-11-21 13:17:00,6605.0,6605.75,6601.75,6604.25,3048,2025-11-21 18:17:00
2025-11-21 13:18:00,6604.0,6604.0,6600.5,6602.5,3186,2025-11-21 18:18:00
2025-11-21 13:19:00,6602.25,6609.0,6602.25,6605.5,3506,2025-11-21 18:19:00
2025-11-21 13:20:00,6605.5,6610.75,6604.25,6609.0,3970,2025-11-21 18:20:00
2025-11-21 13:21:00,6609.25,6616.0,6608.25,6615.5,4685,2025-11-21 18:21:00
2025-11-21 13:22:00,6615.5,6615.5,6608.75,6611.25,3566,2025-11-21 18:22:00
2025-11-21 13:23:00,6611.5,6613.0,6608.0,6608.75,2714,2025-11-21 18:23:00
2025-11-21 13:24:00,6608.75,6611.5,6607.0,6608.0,2945,2025-11-21 18:24:00
2025-11-21 13:25:00,6608.25,6614.5,6606.0,6613.5,2883,2025-11-21 18:25:00
2025-11-21 13:26:00,6613.5,6614.0,6607.75,6610.0,2627,2025-11-21 18:26:00
2025-11-21 13:27:00,6610.0,6611.0,6605.5,6610.0,2435,2025-11-21 18:27:00
2025-11-21 13:28:00,6609.75,6612.5,6608.25,6610.0,1885,2025-11-21 18:28:00
2025-11-21 13:29:00,6609.75,6616.0,6607.5,6615.25,2720,2025-11-21 18:29:00
2025-11-21 13:30:00,6615.25,6621.5,6611.75,6620.0,4696,2025-11-21 18:30:00
2025-11-21 13:31:00,6619.75,6624.5,6618.5,6624.25,4796,2025-11-21 18:31:00
2025-11-21 13:32:00,6624.25,6628.25,6623.0,6627.25,3761,2025-11-21 18:32:00
2025-11-21 13:33:00,6627.0,6629.75,6621.0,6624.0,4960,2025-11-21 18:33:00
2025-11-21 13:34:00,6624.0,6626.75,6622.0,6626.0,4117,2025-11-21 18:34:00
2025-11-21 13:35:00,6626.0,6628.25,6624.25,6627.25,2938,2025-11-21 18:35:00
2025-11-21 13:36:00,6627.25,6633.25,6627.25,6633.0,3248,2025-11-21 18:36:00
2025-11-21 13:37:00,6633.0,6635.75,6633.0,6635.5,3631,2025-11-21 18:37:00
2025-11-21 13:38:00,6635.5,6637.25,6632.5,6636.5,2781,2025-11-21 18:38:00
2025-11-21 13:39:00,6636.5,6639.75,6636.25,6637.5,2834,2025-11-21 18:39:00
2025-11-21 13:40:00,6637.5,6638.0,6632.75,6636.5,3497,2025-11-21 18:40:00
2025-11-21 13:41:00,6636.25,6636.25,6632.0,6634.75,3035,2025-11-21 18:41:00
2025-11-21 13:42:00,6634.75,6637.5,6634.0,6636.5,1996,2025-11-21 18:42:00
2025-11-21 13:43:00,6636.25,6639.25,6635.5,6639.25,2102,2025-11-21 18:43:00
2025-11-21 13:44:00,6639.0,6640.75,6637.75,6639.25,2232,2025-11-21 18:44:00
2025-11-21 13:45:00,6639.5,6641.5,6638.25,6639.25,2876,2025-11-21 18:45:00
2025-11-21 13:46:00,6639.25,6639.5,6636.25,6636.75,3365,2025-11-21 18:46:00
2025-11-21 13:47:00,6637.0,6640.0,6634.75,6639.5,2738,2025-11-21 18:47:00
2025-11-21 13:48:00,6639.75,6664.75,6638.75,6661.25,22197,2025-11-21 18:48:00
2025-11-21 13:49:00,6661.5,6667.75,6659.75,6662.25,10297,2025-11-21 18:49:00
2025-11-21 13:50:00,6662.5,6672.75,6662.5,6669.25,9990,2025-11-21 18:50:00
2025-11-21 13:51:00,6669.25,6672.25,6665.5,6670.5,6667,2025-11-21 18:51:00
2025-11-21 13:52:00,6670.75,6670.75,6659.25,6661.0,7988,2025-11-21 18:52:00
2025-11-21 13:53:00,6661.0,6665.5,6661.0,6663.75,5789,2025-11-21 18:53:00
2025-11-21 13:54:00,6663.75,6663.75,6654.5,6656.75,6898,2025-11-21 18:54:00
2025-11-21 13:55:00,6656.75,6663.5,6653.5,6661.75,5233,2025-11-21 18:55:00
2025-11-21 13:56:00,6662.0,6662.0,6656.25,6656.75,3827,2025-11-21 18:56:00
2025-11-21 13:57:00,6657.0,6658.25,6648.0,6653.0,5671,2025-11-21 18:57:00
2025-11-21 13:58:00,6653.0,6658.0,6650.25,6657.25,4412,2025-11-21 18:58:00
2025-11-21 13:59:00,6657.0,6657.75,6652.5,6654.0,3752,2025-11-21 18:59:00
2025-11-21 14:00:00,6654.25,6660.25,6653.0,6659.75,6080,2025-11-21 19:00:00
2025-11-21 14:01:00,6659.75,6660.75,6654.5,6655.75,3306,2025-11-21 19:01:00
2025-11-21 14:02:00,6656.0,6658.75,6654.5,6658.5,3069,2025-11-21 19:02:00
2025-11-21 14:03:00,6658.75,6661.25,6657.25,6659.75,2867,2025-11-21 19:03:00
2025-11-21 14:04:00,6659.75,6664.5,6658.75,6663.0,3552,2025-11-21 19:04:00
2025-11-21 14:05:00,6663.25,6665.0,6661.75,6663.5,3849,2025-11-21 19:05:00
2025-11-21 14:06:00,6663.5,6668.25,6660.0,6668.25,4127,2025-11-21 19:06:00
2025-11-21 14:07:00,6668.25,6669.5,6666.25,6667.75,3846,2025-11-21 19:07:00
2025-11-21 14:08:00,6667.75,6669.0,6664.75,6667.75,3062,2025-11-21 19:08:00
2025-11-21 14:09:00,6668.0,6671.5,6667.25,6668.5,3456,2025-11-21 19:09:00
2025-11-21 14:10:00,6668.75,6672.0,6667.0,6668.5,3298,2025-11-21 19:10:00
2025-11-21 14:11:00,6668.75,6668.75,6663.75,6665.25,3971,2025-11-21 19:11:00
2025-11-21 14:12:00,6665.25,6666.5,6663.5,6665.5,2795,2025-11-21 19:12:00
2025-11-21 14:13:00,6665.5,6665.5,6661.75,6662.25,2928,2025-11-21 19:13:00
2025-11-21 14:14:00,6662.25,6666.75,6662.0,6664.5,1998,2025-11-21 19:14:00
2025-11-21 14:15:00,6664.25,6665.0,6661.5,6664.25,3142,2025-11-21 19:15:00
2025-11-21 14:16:00,6664.25,6667.75,6663.75,6666.75,3370,2025-11-21 19:16:00
2025-11-21 14:17:00,6667.0,6667.75,6665.0,6665.25,2486,2025-11-21 19:17:00
2025-11-21 14:18:00,6665.5,6667.25,6661.25,6666.5,3083,2025-11-21 19:18:00
2025-11-21 14:19:00,6666.5,6670.75,6666.5,6668.25,2941,2025-11-21 19:19:00
2025-11-21 14:20:00,6668.25,6675.5,6666.25,6674.5,4684,2025-11-21 19:20:00
2025-11-21 14:21:00,6674.75,6675.5,6672.0,6675.0,3067,2025-11-21 19:21:00
2025-11-21 14:22:00,6675.0,6677.25,6674.0,6675.75,3380,2025-11-21 19:22:00
2025-11-21 14:23:00,6675.75,6676.25,6673.25,6673.75,2686,2025-11-21 19:23:00
2025-11-21 14:24:00,6673.75,6676.25,6671.75,6674.0,2640,2025-11-21 19:24:00
2025-11-21 14:25:00,6674.25,6677.5,6673.5,6675.25,2252,2025-11-21 19:25:00
2025-11-21 14:26:00,6675.25,6676.75,6673.5,6675.5,2839,2025-11-21 19:26:00
2025-11-21 14:27:00,6675.75,6676.0,6672.75,6673.25,1675,2025-11-21 19:27:00
2025-11-21 14:28:00,6673.5,6675.5,6671.25,6674.5,2963,2025-11-21 19:28:00
2025-11-21 14:29:00,6674.75,6675.75,6673.5,6674.0,2177,2025-11-21 19:29:00
2025-11-21 14:30:00,6674.25,6677.0,6670.25,6671.0,3435,2025-11-21 19:30:00
2025-11-21 14:31:00,6671.0,6672.5,6669.0,6671.0,4017,2025-11-21 19:31:00
2025-11-21 14:32:00,6670.75,6671.0,6663.75,6664.5,5195,2025-11-21 19:32:00
2025-11-21 14:33:00,6664.25,6665.75,6661.0,6663.75,5167,2025-11-21 19:33:00
2025-11-21 14:34:00,6663.5,6664.25,6660.5,6662.0,3189,2025-11-21 19:34:00
2025-11-21 14:35:00,6662.0,6667.0,6661.75,6666.75,5016,2025-11-21 19:35:00
2025-11-21 14:36:00,6666.75,6671.5,6666.5,6669.5,5157,2025-11-21 19:36:00
2025-11-21 14:37:00,6669.5,6671.0,6667.0,6670.5,3664,2025-11-21 19:37:00
2025-11-21 14:38:00,6670.75,6672.25,6669.5,6671.25,3108,2025-11-21 19:38:00
2025-11-21 14:39:00,6671.25,6674.0,6670.75,6671.75,3614,2025-11-21 19:39:00
2025-11-21 14:40:00,6671.75,6674.75,6668.75,6669.0,4333,2025-11-21 19:40:00
2025-11-21 14:41:00,6669.0,6670.0,6664.5,6667.75,3471,2025-11-21 19:41:00
2025-11-21 14:42:00,6667.75,6668.0,6662.25,6663.75,3225,2025-11-21 19:42:00
2025-11-21 14:43:00,6663.75,6664.25,6657.75,6659.25,4441,2025-11-21 19:43:00
2025-11-21 14:44:00,6659.5,6660.0,6654.5,6657.5,3939,2025-11-21 19:44:00
2025-11-21 14:45:00,6657.5,6658.25,6654.75,6656.25,3756,2025-11-21 19:45:00
2025-11-21 14:46:00,6656.25,6657.5,6653.0,6655.25,3454,2025-11-21 19:46:00
2025-11-21 14:47:00,6655.25,6655.75,6650.5,6655.5,5484,2025-11-21 19:47:00
2025-11-21 14:48:00,6655.25,6661.75,6655.25,6659.75,4394,2025-11-21 19:48:00
2025-11-21 14:49:00,6659.75,6659.75,6655.25,6655.25,3414,2025-11-21 19:49:00
2025-11-21 14:50:00,6655.75,6658.75,6654.5,6657.0,2982,2025-11-21 19:50:00
2025-11-21 14:51:00,6657.0,6658.25,6654.75,6658.0,2730,2025-11-21 19:51:00
2025-11-21 14:52:00,6657.75,6660.25,6654.5,6655.25,2585,2025-11-21 19:52:00
2025-11-21 14:53:00,6655.0,6655.25,6645.25,6645.5,4753,2025-11-21 19:53:00
2025-11-21 14:54:00,6645.75,6647.75,6641.5,6647.5,5804,2025-11-21 19:54:00
2025-11-21 14:55:00,6647.25,6652.0,6647.25,6650.5,5022,2025-11-21 19:55:00
2025-11-21 14:56:00,6650.5,6651.5,6647.25,6649.25,2831,2025-11-21 19:56:00
2025-11-21 14:57:00,6649.25,6649.5,6642.75,6645.5,2524,2025-11-21 19:57:00
2025-11-21 14:58:00,6645.25,6647.75,6644.5,6645.75,2015,2025-11-21 19:58:00
2025-11-21 14:59:00,6645.5,6651.75,6645.25,6649.5,4325,2025-11-21 19:59:00
2025-11-21 15:00:00,6649.25,6653.5,6648.0,6651.75,4969,2025-11-21 20:00:00
2025-11-21 15:01:00,6651.75,6652.75,6648.0,6652.0,2963,2025-11-21 20:01:00
2025-11-21 15:02:00,6651.75,6652.25,6649.75,6651.25,1789,2025-11-21 20:02:00
2025-11-21 15:03:00,6651.25,6654.0,6649.0,6650.75,2869,2025-11-21 20:03:00
2025-11-21 15:04:00,6650.5,6651.0,6646.75,6649.25,1881,2025-11-21 20:04:00
2025-11-21 15:05:00,6649.25,6649.25,6645.75,6647.5,2378,2025-11-21 20:05:00
2025-11-21 15:06:00,6647.5,6651.25,6646.5,6647.0,2595,2025-11-21 20:06:00
2025-11-21 15:07:00,6647.0,6650.25,6646.75,6648.75,2202,2025-11-21 20:07:00
2025-11-21 15:08:00,6648.75,6649.0,6645.25,6647.75,1958,2025-11-21 20:08:00
2025-11-21 15:09:00,6647.75,6649.5,6646.25,6648.75,2031,2025-11-21 20:09:00
2025-11-21 15:10:00,6649.0,6650.25,6644.5,6646.75,3097,2025-11-21 20:10:00
2025-11-21 15:11:00,6646.75,6649.0,6646.25,6648.0,2468,2025-11-21 20:11:00
2025-11-21 15:12:00,6647.75,6653.5,6647.25,6650.25,3831,2025-11-21 20:12:00
2025-11-21 15:13:00,6650.25,6650.25,6647.0,6648.5,2415,2025-11-21 20:13:00
2025-11-21 15:14:00,6648.25,6649.5,6645.75,6648.5,2591,2025-11-21 20:14:00
2025-11-21 15:15:00,6648.5,6649.25,6646.25,6648.25,2096,2025-11-21 20:15:00
2025-11-21 15:16:00,6648.25,6650.0,6645.5,6650.0,2549,2025-11-21 20:16:00
2025-11-21 15:17:00,6650.0,6651.0,6647.0,6649.75,3867,2025-11-21 20:17:00
2025-11-21 15:18:00,6649.5,6651.0,6648.5,6649.0,2144,2025-11-21 20:18:00
2025-11-21 15:19:00,6648.75,6651.25,6648.5,6649.25,2404,2025-11-21 20:19:00
2025-11-21 15:20:00,6649.25,6651.25,6645.75,6648.75,3365,2025-11-21 20:20:00
2025-11-21 15:21:00,6648.75,6650.0,6647.5,6649.5,1980,2025-11-21 20:21:00
2025-11-21 15:22:00,6649.5,6650.5,6646.5,6647.5,2575,2025-11-21 20:22:00
2025-11-21 15:23:00,6647.25,6647.25,6641.0,6641.5,3652,2025-11-21 20:23:00
2025-11-21 15:24:00,6641.5,6641.75,6636.5,6640.0,4737,2025-11-21 20:24:00
2025-11-21 15:25:00,6640.0,6643.0,6639.0,6642.0,3494,2025-11-21 20:25:00
2025-11-21 15:26:00,6642.0,6643.0,6637.75,6639.0,2455,2025-11-21 20:26:00
2025-11-21 15:27:00,6639.0,6639.5,6634.0,6634.5,3493,2025-11-21 20:27:00
2025-11-21 15:28:00,6634.5,6634.75,6629.5,6631.0,5001,2025-11-21 20:28:00
2025-11-21 15:29:00,6631.0,6631.0,6627.75,6627.75,3168,2025-11-21 20:29:00
2025-11-21 15:30:00,6627.75,6628.5,6623.75,6625.5,10679,2025-11-21 20:30:00
2025-11-21 15:31:00,6625.25,6627.0,6621.75,6625.5,6671,2025-11-21 20:31:00
2025-11-21 15:32:00,6625.5,6626.25,6622.5,6623.25,4461,2025-11-21 20:32:00
2025-11-21 15:33:00,6623.25,6634.0,6622.5,6631.25,8060,2025-11-21 20:33:00
2025-11-21 15:34:00,6631.25,6634.5,6629.5,6631.5,3460,2025-11-21 20:34:00
2025-11-21 15:35:00,6631.5,6643.75,6631.0,6640.75,5445,2025-11-21 20:35:00
2025-11-21 15:36:00,6640.75,6644.25,6639.75,6640.25,3627,2025-11-21 20:36:00
2025-11-21 15:37:00,6640.25,6640.25,6633.5,6635.75,4880,2025-11-21 20:37:00
2025-11-21 15:38:00,6635.75,6638.75,6635.75,6638.25,3367,2025-11-21 20:38:00
2025-11-21 15:39:00,6638.25,6639.5,6636.0,6637.0,2126,2025-11-21 20:39:00
2025-11-21 15:40:00,6637.0,6638.5,6632.75,6636.0,4509,2025-11-21 20:40:00
2025-11-21 15:41:00,6635.75,6638.0,6631.75,6633.5,4878,2025-11-21 20:41:00
2025-11-21 15:42:00,6633.5,6634.75,6630.25,6630.25,2933,2025-11-21 20:42:00
2025-11-21 15:43:00,6630.25,6633.5,6629.25,6631.0,4458,2025-11-21 20:43:00
2025-11-21 15:44:00,6630.75,6632.5,6629.0,6631.75,2880,2025-11-21 20:44:00
2025-11-21 15:45:00,6631.75,6637.75,6630.75,6636.0,4617,2025-11-21 20:45:00
2025-11-21 15:46:00,6636.25,6641.25,6635.25,6640.25,4137,2025-11-21 20:46:00
2025-11-21 15:47:00,6640.25,6643.5,6639.25,6639.75,3845,2025-11-21 20:47:00
2025-11-21 15:48:00,6639.75,6640.75,6635.0,6640.5,4086,2025-11-21 20:48:00
2025-11-21 15:49:00,6640.25,6641.75,6635.75,6636.5,3539,2025-11-21 20:49:00
2025-11-21 15:50:00,6636.5,6640.75,6631.0,6632.0,11018,2025-11-21 20:50:00
2025-11-21 15:51:00,6632.0,6634.5,6628.5,6628.75,5379,2025-11-21 20:51:00
2025-11-21 15:52:00,6628.75,6630.5,6626.75,6627.5,5727,2025-11-21 20:52:00
2025-11-21 15:53:00,6627.5,6629.75,6623.5,6623.75,6485,2025-11-21 20:53:00
2025-11-21 15:54:00,6623.75,6626.5,6620.5,6621.5,9557,2025-11-21 20:54:00
2025-11-21 15:55:00,6621.5,6623.5,6615.5,6617.0,11606,2025-11-21 20:55:00
2025-11-21 15:56:00,6617.0,6619.5,6615.0,6616.5,9719,2025-11-21 20:56:00
2025-11-21 15:57:00,6616.75,6618.25,6615.0,6615.25,7210,2025-11-21 20:57:00
2025-11-21 15:58:00,6615.25,6618.75,6614.0,6616.25,8073,2025-11-21 20:58:00
2025-11-21 15:59:00,6616.0,6624.25,6616.0,6622.5,60274,2025-11-21 20:59:00
2025-11-21 16:00:00,6622.5,6627.5,6621.0,6626.0,19440,2025-11-21 21:00:00
2025-11-21 16:01:00,6626.0,6628.75,6624.0,6626.0,3742,2025-11-21 21:01:00
2025-11-21 16:02:00,6625.75,6627.5,6625.0,6626.5,2530,2025-11-21 21:02:00
2025-11-21 16:03:00,6626.5,6629.0,6624.25,6627.25,2990,2025-11-21 21:03:00
2025-11-21 16:04:00,6627.5,6630.5,6627.0,6630.25,2321,2025-11-21 21:04:00
2025-11-21 16:05:00,6630.5,6631.75,6628.5,6629.25,2112,2025-11-21 21:05:00
2025-11-21 16:06:00,6629.25,6629.5,6626.5,6627.0,1155,2025-11-21 21:06:00
2025-11-21 16:07:00,6627.0,6628.0,6626.5,6627.0,1846,2025-11-21 21:07:00
2025-11-21 16:08:00,6627.0,6627.25,6624.5,6625.75,1835,2025-11-21 21:08:00
2025-11-21 16:09:00,6625.75,6626.0,6624.0,6624.25,1224,2025-11-21 21:09:00
2025-11-21 16:10:00,6624.0,6624.5,6622.25,6623.75,1288,2025-11-21 21:10:00
2025-11-21 16:11:00,6623.75,6625.25,6622.0,6622.5,1164,2025-11-21 21:11:00
2025-11-21 16:12:00,6622.75,6623.0,6621.5,6622.25,948,2025-11-21 21:12:00
2025-11-21 16:13:00,6622.25,6627.0,6621.75,6626.5,1529,2025-11-21 21:13:00
2025-11-21 16:14:00,6626.75,6628.25,6624.75,6627.0,2377,2025-11-21 21:14:00
2025-11-21 16:15:00,6627.25,6627.75,6624.75,6625.0,779,2025-11-21 21:15:00
2025-11-21 16:16:00,6625.0,6626.75,6624.75,6625.0,495,2025-11-21 21:16:00
2025-11-21 16:17:00,6625.0,6625.5,6624.0,6625.0,424,2025-11-21 21:17:00
2025-11-21 16:18:00,6625.25,6626.0,6624.5,6624.75,649,2025-11-21 21:18:00
2025-11-21 16:19:00,6624.5,6625.5,6624.25,6624.75,301,2025-11-21 21:19:00
2025-11-21 16:20:00,6625.0,6625.75,6624.5,6625.25,257,2025-11-21 21:20:00
2025-11-21 16:21:00,6625.0,6625.0,6623.0,6624.0,724,2025-11-21 21:21:00
2025-11-21 16:22:00,6623.75,6624.75,6622.5,6622.5,674,2025-11-21 21:22:00
2025-11-21 16:23:00,6622.5,6623.75,6622.5,6623.0,440,2025-11-21 21:23:00
2025-11-21 16:24:00,6623.0,6623.0,6622.25,6622.25,217,2025-11-21 21:24:00
2025-11-21 16:25:00,6622.25,6623.5,6622.0,6623.25,286,2025-11-21 21:25:00
2025-11-21 16:26:00,6623.25,6625.0,6623.25,6624.75,365,2025-11-21 21:26:00
2025-11-21 16:27:00,6624.75,6626.75,6624.75,6625.5,769,2025-11-21 21:27:00
2025-11-21 16:28:00,6625.5,6625.75,6623.75,6624.5,695,2025-11-21 21:28:00
2025-11-21 16:29:00,6624.5,6624.5,6622.75,6623.5,591,2025-11-21 21:29:00
2025-11-21 16:30:00,6623.5,6624.75,6623.25,6624.75,287,2025-11-21 21:30:00
2025-11-21 16:31:00,6624.75,6626.0,6624.0,6624.75,523,2025-11-21 21:31:00
2025-11-21 16:32:00,6625.0,6627.25,6625.0,6626.5,439,2025-11-21 21:32:00
2025-11-21 16:33:00,6626.25,6626.25,6625.75,6626.0,107,2025-11-21 21:33:00
2025-11-21 16:34:00,6626.0,6628.25,6625.75,6628.0,293,2025-11-21 21:34:00
2025-11-21 16:35:00,6628.0,6629.25,6627.5,6628.75,553,2025-11-21 21:35:00
2025-11-21 16:36:00,6628.5,6629.25,6628.0,6628.25,462,2025-11-21 21:36:00
2025-11-21 16:37:00,6628.25,6629.5,6628.0,6628.5,320,2025-11-21 21:37:00
2025-11-21 16:38:00,6628.75,6629.25,6628.25,6629.0,176,2025-11-21 21:38:00
2025-11-21 16:39:00,6629.0,6630.25,6628.75,6629.5,491,2025-11-21 21:39:00
2025-11-21 16:40:00,6629.5,6631.25,6629.25,6630.75,171,2025-11-21 21:40:00
2025-11-21 16:41:00,6630.75,6631.0,6629.75,6630.75,127,2025-11-21 21:41:00
2025-11-21 16:42:00,6631.0,6631.5,6630.5,6630.75,179,2025-11-21 21:42:00
2025-11-21 16:43:00,6630.75,6631.0,6630.5,6631.0,119,2025-11-21 21:43:00
2025-11-21 16:44:00,6630.75,6632.25,6630.75,6632.0,362,2025-11-21 21:44:00
2025-11-21 16:45:00,6632.0,6632.25,6629.75,6629.75,420,2025-11-21 21:45:00
2025-11-21 16:46:00,6629.75,6630.25,6626.0,6626.25,633,2025-11-21 21:46:00
2025-11-21 16:47:00,6626.25,6626.5,6624.25,6625.0,718,2025-11-21 21:47:00
2025-11-21 16:48:00,6625.25,6628.0,6625.25,6627.5,247,2025-11-21 21:48:00
2025-11-21 16:49:00,6627.25,6628.5,6627.0,6627.5,525,2025-11-21 21:49:00
2025-11-21 16:50:00,6627.5,6630.0,6627.25,6629.75,519,2025-11-21 21:50:00
2025-11-21 16:51:00,6629.75,6629.75,6628.5,6628.5,288,2025-11-21 21:51:00
2025-11-21 16:52:00,6628.5,6630.0,6628.5,6629.25,243,2025-11-21 21:52:00
2025-11-21 16:53:00,6629.25,6630.0,6629.0,6629.0,254,2025-11-21 21:53:00
2025-11-21 16:54:00,6629.0,6630.5,6629.0,6630.5,267,2025-11-21 21:54:00
2025-11-21 16:55:00,6630.5,6632.75,6630.0,6632.0,537,2025-11-21 21:55:00
2025-11-21 16:56:00,6631.75,6632.25,6630.5,6630.5,166,2025-11-21 21:56:00
2025-11-21 16:57:00,6630.25,6630.5,6629.75,6630.25,182,2025-11-21 21:57:00
2025-11-21 16:58:00,6630.25,6630.5,6629.25,6629.75,399,2025-11-21 21:58:00
2025-11-21 16:59:00,6629.5,6631.5,6629.0,6631.5,368,2025-11-21 21:59:00
